2026-09-23T10:53:02.116+01:00 WILD Horde — loading validated backend
2026-09-23T10:53:02.402+01:00 ORAS GAME PROFILE LOCKED: Omega Ruby 0x000400000011C400 sango-1 identity_mode=omega_ruby_to_frozen_as_title_gate
2026-09-23T10:53:02.410+01:00 SHINY AUTO-CATCH ARMED: Omega Ruby Horde mode; exactly one shiny => protect its RAM slot, KO the other four, then capture; 2+ shinies => unconditional Safety HOLD with no attacks or Balls. The hardware-proven Horde reducer waits for five-alive readiness and exact owner+0x93 COMMAND=1, then uses the per-battle COMMAND/MOVE fingerprint, exact target masks, one-step KO proof and protected-survivor capture path. The shiny coordinate is never touched.
2026-09-23T10:53:02.428+01:00 SHINY CHARM RAM: PRESENT (item 632 hit(s): [{'offset': 0, 'address': '0x08C6F2B0', 'item_id': 632, 'item_id_hex': '0x0278', 'count': 1}])
2026-09-23T10:53:02.864+01:00 PARTY LIVE ORDER D25: source=RUNTIME_POINTER_CHAIN species=[120, 252, 265, 283, 261, 263]
2026-09-23T10:53:02.866+01:00 POKERUS BASELINE: no active contagious party Pokérus
2026-09-23T10:53:03.149+01:00 AUTO SWEET SCENT SETUP PASS D25: user=Surskit visible_slot=4 move_slot=2 PP=20 field_xy=(279, 119) party_source=RUNTIME_POINTER_CHAIN lead=Staryu lead_moves=[55, 145, 129, 61] lead_pp=[21, 30, 20, 20]
2026-09-23T10:53:03.151+01:00 HORDE TRIGGER AUTO: selected Sweet Scent
2026-09-23T10:53:03.152+01:00 HORDE TRIGGER LOCKED: requested=auto resolved=sweet_scent
2026-09-23T10:53:03.160+01:00 START Omega Ruby Route 102 zone=24 grid=[130, 133] method=Horde axis=stationary
2026-09-23T10:53:03.246+01:00 AUTO SWEET SCENT D25 TOUCH ROUTE: green Poké Ball (60,230) -> silver visible-slot-4 field icon (279, 119) -> Sweet Scent (170,104)
2026-09-23T10:53:03.525+01:00 AUTO SWEET SCENT TOUCH: GREEN_POKEBALL_PARTY xy=(60,230) touch_state=0x01F542FF completed=True
2026-09-23T10:53:05.926+01:00 AUTO SWEET SCENT TOUCH: SLOT4_SILVER_FIELD_ACTION xy=(279,119) touch_state=0x017EEDF2 completed=True
2026-09-23T10:53:07.152+01:00 AUTO SWEET SCENT TOUCH: SWEET_SCENT xy=(170,104) touch_state=0x016EE87F completed=True
2026-09-23T10:53:14.327+01:00 AUTO SWEET SCENT: battle active — Horde boundary acquired
2026-09-23T10:53:17.236+01:00 HORDE LEAD RAM REFRESH: Staryu moves=[55, 145, 129, 61] PP=[21, 30, 20, 20] source=RUNTIME_POINTER_CHAIN
2026-09-23T10:53:17.238+01:00 PARTY LIVE ORDER: battle pointer table -> species [120, 265, 283, 261, 263, 252] order [0, 2, 3, 4, 5, 1]
2026-09-23T10:53:17.289+01:00 #1 HORDE x5 [AUTO SWEET SCENT]: Seedot, Seedot, Seedot, Seedot, Seedot
2026-09-23T10:53:17.290+01:00   slot0 Seedot PID 0x6E4A25C2 XOR 34897 shiny=False
2026-09-23T10:53:17.291+01:00   slot1 Seedot PID 0x5A235F10 XOR 50922 shiny=False
2026-09-23T10:53:17.291+01:00   slot2 Seedot PID 0x5DCA7BD4 XOR 58823 shiny=False
2026-09-23T10:53:17.292+01:00   slot3 Seedot PID 0x7989F213 XOR 18499 shiny=False
2026-09-23T10:53:17.293+01:00   slot4 Seedot PID 0xD9EBDFD3 XOR 50657 shiny=False
2026-09-23T10:53:17.422+01:00 LAST SEEN FEED: emitted 5 Horde/wild payload(s) to Recent encounters (shiny=0)
2026-09-23T10:53:17.429+01:00 HORDE AUTHORITY COMMITTED: +5 Pokémon seen before escape
2026-09-23T10:53:31.261+01:00 PARTY LIVE ORDER D25: source=RUNTIME_POINTER_CHAIN species=[120, 252, 265, 283, 261, 263]
2026-09-23T10:53:31.263+01:00 TIMING #1: field->encounter 11.166s • battle+return 16.935s • cycle 28.102s
2026-09-23T10:53:31.264+01:00 HF97 PHASE #1: boundary_wait 2.690s • pre_run_processing 0.405s • run_to_core_field 11.993s • postcore_field_authority 1.840s • accepted_run_attempt 24
2026-09-23T10:53:31.410+01:00 PASS #1: Horde x5 • Run tap 24 -> Route 102 grid [130, 133]
2026-09-23T10:53:31.495+01:00 AUTO SWEET SCENT RE-ARM: waiting 1.00 s after prior Horde field return before touchscreen route
2026-09-23T10:53:32.576+01:00 AUTO SWEET SCENT RE-ARM: PASS — battle inactive and anchor grid [130, 133] retained
2026-09-23T10:53:32.578+01:00 AUTO SWEET SCENT D25 TOUCH ROUTE: green Poké Ball (60,230) -> silver visible-slot-4 field icon (279, 119) -> Sweet Scent (170,104)
2026-09-23T10:53:32.864+01:00 AUTO SWEET SCENT TOUCH: GREEN_POKEBALL_PARTY xy=(60,230) touch_state=0x01F542FF completed=True
2026-09-23T10:53:34.891+01:00 AUTO SWEET SCENT TOUCH: SLOT4_SILVER_FIELD_ACTION xy=(279,119) touch_state=0x017EEDF2 completed=True
2026-09-23T10:53:35.915+01:00 AUTO SWEET SCENT TOUCH: SWEET_SCENT xy=(170,104) touch_state=0x016EE87F completed=True
2026-09-23T10:53:43.128+01:00 AUTO SWEET SCENT: battle active — Horde boundary acquired
2026-09-23T10:53:46.049+01:00 HORDE LEAD RAM REFRESH: Staryu moves=[55, 145, 129, 61] PP=[21, 30, 20, 20] source=RUNTIME_POINTER_CHAIN
2026-09-23T10:53:46.050+01:00 PARTY LIVE ORDER: battle pointer table -> species [120, 265, 283, 261, 263, 252] order [0, 2, 3, 4, 5, 1]
2026-09-23T10:53:46.120+01:00 #2 HORDE x5 [AUTO SWEET SCENT]: Zigzagoon, Zigzagoon, Zigzagoon, Zigzagoon, Zigzagoon
2026-09-23T10:53:46.121+01:00   slot0 Zigzagoon PID 0x9E06B8E3 XOR 58684 shiny=False
2026-09-23T10:53:46.122+01:00   slot1 Zigzagoon PID 0xB635A87B XOR 56727 shiny=False
2026-09-23T10:53:46.122+01:00   slot2 Zigzagoon PID 0x624B2136 XOR 32932 shiny=False
2026-09-23T10:53:46.123+01:00   slot3 Zigzagoon PID 0x716A8A81 XOR 14386 shiny=False
2026-09-23T10:53:46.124+01:00   slot4 Zigzagoon PID 0xBD7148AF XOR 13831 shiny=False
2026-09-23T10:53:46.272+01:00 LAST SEEN FEED: emitted 5 Horde/wild payload(s) to Recent encounters (shiny=0)
2026-09-23T10:53:46.277+01:00 HORDE AUTHORITY COMMITTED: +5 Pokémon seen before escape
2026-09-23T10:53:59.009+01:00 RUN RECOVERY EXTENSION: battle still active after 24 causal Run taps; allowing up to 24 additional bounded Run taps (48 total)
2026-09-23T10:54:01.209+01:00 PARTY LIVE ORDER D25: source=RUNTIME_POINTER_CHAIN species=[120, 252, 265, 283, 261, 263]
2026-09-23T10:54:01.214+01:00 TIMING #2: field->encounter 11.717s • battle+return 18.085s • cycle 29.803s
2026-09-23T10:54:01.215+01:00 HF97 PHASE #2: boundary_wait 2.685s • pre_run_processing 0.455s • run_to_core_field 13.003s • postcore_field_authority 1.934s • accepted_run_attempt 25
2026-09-23T10:54:01.368+01:00 PASS #2: Horde x5 • Run tap 25 -> Route 102 grid [130, 133]
2026-09-23T10:54:01.479+01:00 AUTO SWEET SCENT RE-ARM: waiting 1.00 s after prior Horde field return before touchscreen route
2026-09-23T10:54:02.538+01:00 AUTO SWEET SCENT RE-ARM: PASS — battle inactive and anchor grid [130, 133] retained
2026-09-23T10:54:02.540+01:00 AUTO SWEET SCENT D25 TOUCH ROUTE: green Poké Ball (60,230) -> silver visible-slot-4 field icon (279, 119) -> Sweet Scent (170,104)
2026-09-23T10:54:02.815+01:00 AUTO SWEET SCENT TOUCH: GREEN_POKEBALL_PARTY xy=(60,230) touch_state=0x01F542FF completed=True
2026-09-23T10:54:04.865+01:00 AUTO SWEET SCENT TOUCH: SLOT4_SILVER_FIELD_ACTION xy=(279,119) touch_state=0x017EEDF2 completed=True
2026-09-23T10:54:05.912+01:00 AUTO SWEET SCENT TOUCH: SWEET_SCENT xy=(170,104) touch_state=0x016EE87F completed=True
2026-09-23T10:54:13.120+01:00 AUTO SWEET SCENT: battle active — Horde boundary acquired
2026-09-23T10:54:15.995+01:00 HORDE LEAD RAM REFRESH: Staryu moves=[55, 145, 129, 61] PP=[21, 30, 20, 20] source=RUNTIME_POINTER_CHAIN
2026-09-23T10:54:15.996+01:00 PARTY LIVE ORDER: battle pointer table -> species [120, 265, 283, 261, 263, 252] order [0, 2, 3, 4, 5, 1]
2026-09-23T10:54:16.065+01:00 #3 HORDE x5 [AUTO SWEET SCENT]: Zigzagoon, Zigzagoon, Zigzagoon, Zigzagoon, Zigzagoon
2026-09-23T10:54:16.066+01:00   slot0 Zigzagoon PID 0xE83C8FE5 XOR 41984 shiny=False
2026-09-23T10:54:16.067+01:00   slot1 Zigzagoon PID 0x36FAD3EB XOR 9928 shiny=False
2026-09-23T10:54:16.068+01:00   slot2 Zigzagoon PID 0xFDD0189E XOR 9879 shiny=False
2026-09-23T10:54:16.068+01:00   slot3 Zigzagoon PID 0x02324C5E XOR 36277 shiny=False
2026-09-23T10:54:16.069+01:00   slot4 Zigzagoon PID 0x85D61EE9 XOR 22758 shiny=False
2026-09-23T10:54:16.202+01:00 LAST SEEN FEED: emitted 5 Horde/wild payload(s) to Recent encounters (shiny=0)
2026-09-23T10:54:16.209+01:00 HORDE AUTHORITY COMMITTED: +5 Pokémon seen before escape
2026-09-23T10:54:29.049+01:00 RUN RECOVERY EXTENSION: battle still active after 24 causal Run taps; allowing up to 24 additional bounded Run taps (48 total)
2026-09-23T10:54:31.743+01:00 PARTY LIVE ORDER D25: source=RUNTIME_POINTER_CHAIN species=[120, 252, 265, 283, 261, 263]
2026-09-23T10:54:31.745+01:00 TIMING #3: field->encounter 11.752s • battle+return 18.623s • cycle 30.375s
2026-09-23T10:54:31.747+01:00 HF97 PHASE #3: boundary_wait 2.655s • pre_run_processing 0.425s • run_to_core_field 13.661s • postcore_field_authority 1.873s • accepted_run_attempt 26
2026-09-23T10:54:31.895+01:00 PASS #3: Horde x5 • Run tap 26 -> Route 102 grid [130, 133]
2026-09-23T10:54:31.995+01:00 AUTO SWEET SCENT RE-ARM: waiting 1.00 s after prior Horde field return before touchscreen route
2026-09-23T10:54:33.060+01:00 AUTO SWEET SCENT RE-ARM: PASS — battle inactive and anchor grid [130, 133] retained
2026-09-23T10:54:33.062+01:00 AUTO SWEET SCENT D25 TOUCH ROUTE: green Poké Ball (60,230) -> silver visible-slot-4 field icon (279, 119) -> Sweet Scent (170,104)
2026-09-23T10:54:33.343+01:00 AUTO SWEET SCENT TOUCH: GREEN_POKEBALL_PARTY xy=(60,230) touch_state=0x01F542FF completed=True
2026-09-23T10:54:35.366+01:00 AUTO SWEET SCENT TOUCH: SLOT4_SILVER_FIELD_ACTION xy=(279,119) touch_state=0x017EEDF2 completed=True
2026-09-23T10:54:36.404+01:00 AUTO SWEET SCENT TOUCH: SWEET_SCENT xy=(170,104) touch_state=0x016EE87F completed=True
2026-09-23T10:54:43.641+01:00 AUTO SWEET SCENT: battle active — Horde boundary acquired
2026-09-23T10:54:46.551+01:00 HORDE LEAD RAM REFRESH: Staryu moves=[55, 145, 129, 61] PP=[21, 30, 20, 20] source=RUNTIME_POINTER_CHAIN
2026-09-23T10:54:46.553+01:00 PARTY LIVE ORDER: battle pointer table -> species [120, 265, 283, 261, 263, 252] order [0, 2, 3, 4, 5, 1]
2026-09-23T10:54:46.613+01:00 #4 HORDE x5 [AUTO SWEET SCENT]: Zigzagoon, Zigzagoon, Zigzagoon, Zigzagoon, Zigzagoon
2026-09-23T10:54:46.614+01:00   slot0 Zigzagoon PID 0x1926665E XOR 48289 shiny=False
2026-09-23T10:54:46.615+01:00   slot1 Zigzagoon PID 0x170425BA XOR 61799 shiny=False
2026-09-23T10:54:46.616+01:00   slot2 Zigzagoon PID 0x71AC1306 XOR 41331 shiny=False
2026-09-23T10:54:46.616+01:00   slot3 Zigzagoon PID 0x304560FB XOR 37735 shiny=False
2026-09-23T10:54:46.617+01:00   slot4 Zigzagoon PID 0x51E1E471 XOR 30281 shiny=False
2026-09-23T10:54:46.752+01:00 LAST SEEN FEED: emitted 5 Horde/wild payload(s) to Recent encounters (shiny=0)
2026-09-23T10:54:46.757+01:00 HORDE AUTHORITY COMMITTED: +5 Pokémon seen before escape
2026-09-23T10:54:59.552+01:00 RUN RECOVERY EXTENSION: battle still active after 24 causal Run taps; allowing up to 24 additional bounded Run taps (48 total)
2026-09-23T10:55:02.213+01:00 PARTY LIVE ORDER D25: source=RUNTIME_POINTER_CHAIN species=[120, 252, 265, 283, 261, 263]
2026-09-23T10:55:02.214+01:00 TIMING #4: field->encounter 11.746s • battle+return 18.572s • cycle 30.318s
2026-09-23T10:55:02.215+01:00 HF97 PHASE #4: boundary_wait 2.686s • pre_run_processing 0.423s • run_to_core_field 13.570s • postcore_field_authority 1.886s • accepted_run_attempt 26
2026-09-23T10:55:02.379+01:00 PASS #4: Horde x5 • Run tap 26 -> Route 102 grid [130, 133]
2026-09-23T10:55:02.490+01:00 AUTO SWEET SCENT RE-ARM: waiting 1.00 s after prior Horde field return before touchscreen route
2026-09-23T10:55:03.550+01:00 AUTO SWEET SCENT RE-ARM: PASS — battle inactive and anchor grid [130, 133] retained
2026-09-23T10:55:03.552+01:00 AUTO SWEET SCENT D25 TOUCH ROUTE: green Poké Ball (60,230) -> silver visible-slot-4 field icon (279, 119) -> Sweet Scent (170,104)
2026-09-23T10:55:03.833+01:00 AUTO SWEET SCENT TOUCH: GREEN_POKEBALL_PARTY xy=(60,230) touch_state=0x01F542FF completed=True
2026-09-23T10:55:05.860+01:00 AUTO SWEET SCENT TOUCH: SLOT4_SILVER_FIELD_ACTION xy=(279,119) touch_state=0x017EEDF2 completed=True
2026-09-23T10:55:06.889+01:00 AUTO SWEET SCENT TOUCH: SWEET_SCENT xy=(170,104) touch_state=0x016EE87F completed=True
2026-09-23T10:55:14.128+01:00 AUTO SWEET SCENT: battle active — Horde boundary acquired
2026-09-23T10:55:17.068+01:00 HORDE LEAD RAM REFRESH: Staryu moves=[55, 145, 129, 61] PP=[21, 30, 20, 20] source=RUNTIME_POINTER_CHAIN
2026-09-23T10:55:17.070+01:00 PARTY LIVE ORDER: battle pointer table -> species [120, 265, 283, 261, 263, 252] order [0, 2, 3, 4, 5, 1]
2026-09-23T10:55:17.129+01:00 #5 HORDE x5 [AUTO SWEET SCENT]: Seedot, Seedot, Seedot, Seedot, Seedot
2026-09-23T10:55:17.133+01:00   slot0 Seedot PID 0xB78119BC XOR 28132 shiny=False
2026-09-23T10:55:17.134+01:00   slot1 Seedot PID 0x78386C09 XOR 55272 shiny=False
2026-09-23T10:55:17.135+01:00   slot2 Seedot PID 0x92E95D2F XOR 3103 shiny=False
2026-09-23T10:55:17.136+01:00   slot3 Seedot PID 0xF8C8A193 XOR 39554 shiny=False
2026-09-23T10:55:17.137+01:00   slot4 Seedot PID 0xECAC2483 XOR 3062 shiny=False
2026-09-23T10:55:17.255+01:00 LAST SEEN FEED: emitted 5 Horde/wild payload(s) to Recent encounters (shiny=0)
2026-09-23T10:55:17.273+01:00 HORDE AUTHORITY COMMITTED: +5 Pokémon seen before escape
2026-09-23T10:55:31.344+01:00 PARTY LIVE ORDER D25: source=RUNTIME_POINTER_CHAIN species=[120, 252, 265, 283, 261, 263]
2026-09-23T10:55:31.346+01:00 TIMING #5: field->encounter 11.749s • battle+return 17.217s • cycle 28.966s
2026-09-23T10:55:31.347+01:00 HF97 PHASE #5: boundary_wait 2.716s • pre_run_processing 0.421s • run_to_core_field 12.160s • postcore_field_authority 1.912s • accepted_run_attempt 24
2026-09-23T10:55:31.497+01:00 PASS #5: Horde x5 • Run tap 24 -> Route 102 grid [130, 133]
2026-09-23T10:55:31.600+01:00 AUTO SWEET SCENT RE-ARM: waiting 1.00 s after prior Horde field return before touchscreen route
2026-09-23T10:55:32.664+01:00 AUTO SWEET SCENT RE-ARM: PASS — battle inactive and anchor grid [130, 133] retained
2026-09-23T10:55:32.666+01:00 AUTO SWEET SCENT D25 TOUCH ROUTE: green Poké Ball (60,230) -> silver visible-slot-4 field icon (279, 119) -> Sweet Scent (170,104)
2026-09-23T10:55:32.960+01:00 AUTO SWEET SCENT TOUCH: GREEN_POKEBALL_PARTY xy=(60,230) touch_state=0x01F542FF completed=True
2026-09-23T10:55:34.983+01:00 AUTO SWEET SCENT TOUCH: SLOT4_SILVER_FIELD_ACTION xy=(279,119) touch_state=0x017EEDF2 completed=True
2026-09-23T10:55:36.010+01:00 AUTO SWEET SCENT TOUCH: SWEET_SCENT xy=(170,104) touch_state=0x016EE87F completed=True
2026-09-23T10:55:43.224+01:00 AUTO SWEET SCENT: battle active — Horde boundary acquired
2026-09-23T10:55:46.153+01:00 HORDE LEAD RAM REFRESH: Staryu moves=[55, 145, 129, 61] PP=[21, 30, 20, 20] source=RUNTIME_POINTER_CHAIN
2026-09-23T10:55:46.155+01:00 PARTY LIVE ORDER: battle pointer table -> species [120, 265, 283, 261, 263, 252] order [0, 2, 3, 4, 5, 1]
2026-09-23T10:55:46.222+01:00 #6 HORDE x5 [AUTO SWEET SCENT]: Seedot, Seedot, Seedot, Seedot, Seedot
2026-09-23T10:55:46.223+01:00   slot0 Seedot PID 0x2262B489 XOR 21810 shiny=False
2026-09-23T10:55:46.224+01:00   slot1 Seedot PID 0x23FF511E XOR 45368 shiny=False
2026-09-23T10:55:46.225+01:00   slot2 Seedot PID 0x51A995BF XOR 1999 shiny=False
2026-09-23T10:55:46.225+01:00   slot3 Seedot PID 0x86F86C83 XOR 10658 shiny=False
2026-09-23T10:55:46.226+01:00   slot4 Seedot PID 0x6F180E77 XOR 41654 shiny=False
2026-09-23T10:55:46.369+01:00 LAST SEEN FEED: emitted 5 Horde/wild payload(s) to Recent encounters (shiny=0)
2026-09-23T10:55:46.374+01:00 HORDE AUTHORITY COMMITTED: +5 Pokémon seen before escape
2026-09-23T10:56:00.518+01:00 PARTY LIVE ORDER D25: source=RUNTIME_POINTER_CHAIN species=[120, 252, 265, 283, 261, 263]
2026-09-23T10:56:00.521+01:00 TIMING #6: field->encounter 11.727s • battle+return 17.296s • cycle 29.023s
2026-09-23T10:56:00.522+01:00 HF97 PHASE #6: boundary_wait 2.693s • pre_run_processing 0.450s • run_to_core_field 12.087s • postcore_field_authority 2.059s • accepted_run_attempt 24
2026-09-23T10:56:00.674+01:00 PASS #6: Horde x5 • Run tap 24 -> Route 102 grid [130, 133]
2026-09-23T10:56:00.772+01:00 AUTO SWEET SCENT RE-ARM: waiting 1.00 s after prior Horde field return before touchscreen route
2026-09-23T10:56:01.835+01:00 AUTO SWEET SCENT RE-ARM: PASS — battle inactive and anchor grid [130, 133] retained
2026-09-23T10:56:01.837+01:00 AUTO SWEET SCENT D25 TOUCH ROUTE: green Poké Ball (60,230) -> silver visible-slot-4 field icon (279, 119) -> Sweet Scent (170,104)
2026-09-23T10:56:02.126+01:00 AUTO SWEET SCENT TOUCH: GREEN_POKEBALL_PARTY xy=(60,230) touch_state=0x01F542FF completed=True
2026-09-23T10:56:04.161+01:00 AUTO SWEET SCENT TOUCH: SLOT4_SILVER_FIELD_ACTION xy=(279,119) touch_state=0x017EEDF2 completed=True
2026-09-23T10:56:05.187+01:00 AUTO SWEET SCENT TOUCH: SWEET_SCENT xy=(170,104) touch_state=0x016EE87F completed=True
2026-09-23T10:56:12.430+01:00 AUTO SWEET SCENT: battle active — Horde boundary acquired
2026-09-23T10:56:15.298+01:00 HORDE LEAD RAM REFRESH: Staryu moves=[55, 145, 129, 61] PP=[21, 30, 20, 20] source=RUNTIME_POINTER_CHAIN
2026-09-23T10:56:15.299+01:00 PARTY LIVE ORDER: battle pointer table -> species [120, 265, 283, 261, 263, 252] order [0, 2, 3, 4, 5, 1]
2026-09-23T10:56:15.352+01:00 #7 HORDE x5 [AUTO SWEET SCENT]: Seedot, Seedot, Seedot, Seedot, Seedot
2026-09-23T10:56:15.353+01:00   slot0 Seedot PID 0xEE3A2BA9 XOR 1610 shiny=False
2026-09-23T10:56:15.354+01:00   slot1 Seedot PID 0x4A87DB23 XOR 21117 shiny=False
2026-09-23T10:56:15.354+01:00   slot2 Seedot PID 0x4D013F37 XOR 45551 shiny=False
2026-09-23T10:56:15.355+01:00   slot3 Seedot PID 0x805D0DAD XOR 20009 shiny=False
2026-09-23T10:56:15.356+01:00   slot4 Seedot PID 0x6200A0FF XOR 294 shiny=False
2026-09-23T10:56:15.493+01:00 LAST SEEN FEED: emitted 5 Horde/wild payload(s) to Recent encounters (shiny=0)
2026-09-23T10:56:15.511+01:00 HORDE AUTHORITY COMMITTED: +5 Pokémon seen before escape
2026-09-23T10:56:29.588+01:00 PARTY LIVE ORDER D25: source=RUNTIME_POINTER_CHAIN species=[120, 252, 265, 283, 261, 263]
2026-09-23T10:56:29.591+01:00 TIMING #7: field->encounter 11.756s • battle+return 17.158s • cycle 28.915s
2026-09-23T10:56:29.592+01:00 HF97 PHASE #7: boundary_wait 2.652s • pre_run_processing 0.422s • run_to_core_field 12.000s • postcore_field_authority 2.077s • accepted_run_attempt 24
2026-09-23T10:56:29.740+01:00 PASS #7: Horde x5 • Run tap 24 -> Route 102 grid [130, 133]
2026-09-23T10:56:29.855+01:00 AUTO SWEET SCENT RE-ARM: waiting 1.00 s after prior Horde field return before touchscreen route
2026-09-23T10:56:30.916+01:00 AUTO SWEET SCENT RE-ARM: PASS — battle inactive and anchor grid [130, 133] retained
2026-09-23T10:56:30.918+01:00 AUTO SWEET SCENT D25 TOUCH ROUTE: green Poké Ball (60,230) -> silver visible-slot-4 field icon (279, 119) -> Sweet Scent (170,104)
2026-09-23T10:56:31.205+01:00 AUTO SWEET SCENT TOUCH: GREEN_POKEBALL_PARTY xy=(60,230) touch_state=0x01F542FF completed=True
2026-09-23T10:56:33.241+01:00 AUTO SWEET SCENT TOUCH: SLOT4_SILVER_FIELD_ACTION xy=(279,119) touch_state=0x017EEDF2 completed=True
2026-09-23T10:56:34.276+01:00 AUTO SWEET SCENT TOUCH: SWEET_SCENT xy=(170,104) touch_state=0x016EE87F completed=True
2026-09-23T10:56:41.485+01:00 AUTO SWEET SCENT: battle active — Horde boundary acquired
2026-09-23T10:56:44.401+01:00 HORDE LEAD RAM REFRESH: Staryu moves=[55, 145, 129, 61] PP=[21, 30, 20, 20] source=RUNTIME_POINTER_CHAIN
2026-09-23T10:56:44.405+01:00 PARTY LIVE ORDER: battle pointer table -> species [120, 265, 283, 261, 263, 252] order [0, 2, 3, 4, 5, 1]
2026-09-23T10:56:44.458+01:00 #8 HORDE x5 [AUTO SWEET SCENT]: Seedot, Seedot, Seedot, Seedot, Seedot
2026-09-23T10:56:44.459+01:00   slot0 Seedot PID 0xC6F4FD02 XOR 63535 shiny=False
2026-09-23T10:56:44.460+01:00   slot1 Seedot PID 0x46E1E93A XOR 27650 shiny=False
2026-09-23T10:56:44.460+01:00   slot2 Seedot PID 0xAAF268E5 XOR 462 shiny=False
2026-09-23T10:56:44.461+01:00   slot3 Seedot PID 0xBD5D32C0 XOR 19524 shiny=False
2026-09-23T10:56:44.462+01:00   slot4 Seedot PID 0xD5E3CBB3 XOR 56713 shiny=False
2026-09-23T10:56:44.594+01:00 LAST SEEN FEED: emitted 5 Horde/wild payload(s) to Recent encounters (shiny=0)
2026-09-23T10:56:44.600+01:00 HORDE AUTHORITY COMMITTED: +5 Pokémon seen before escape
2026-09-23T10:56:57.338+01:00 RUN RECOVERY EXTENSION: battle still active after 24 causal Run taps; allowing up to 24 additional bounded Run taps (48 total)
2026-09-23T10:56:59.161+01:00 PARTY LIVE ORDER D25: source=RUNTIME_POINTER_CHAIN species=[120, 252, 265, 283, 261, 263]
2026-09-23T10:56:59.163+01:00 TIMING #8: field->encounter 11.746s • battle+return 17.676s • cycle 29.422s
2026-09-23T10:56:59.165+01:00 HF97 PHASE #8: boundary_wait 2.700s • pre_run_processing 0.407s • run_to_core_field 12.827s • postcore_field_authority 1.735s • accepted_run_attempt None
2026-09-23T10:56:59.311+01:00 PASS #8: Horde x5 • Run tap None -> Route 102 grid [130, 133]
2026-09-23T10:56:59.408+01:00 AUTO SWEET SCENT RE-ARM: waiting 1.00 s after prior Horde field return before touchscreen route
2026-09-23T10:57:00.474+01:00 AUTO SWEET SCENT RE-ARM: PASS — battle inactive and anchor grid [130, 133] retained
2026-09-23T10:57:00.476+01:00 AUTO SWEET SCENT D25 TOUCH ROUTE: green Poké Ball (60,230) -> silver visible-slot-4 field icon (279, 119) -> Sweet Scent (170,104)
2026-09-23T10:57:00.749+01:00 AUTO SWEET SCENT TOUCH: GREEN_POKEBALL_PARTY xy=(60,230) touch_state=0x01F542FF completed=True
2026-09-23T10:57:02.792+01:00 AUTO SWEET SCENT TOUCH: SLOT4_SILVER_FIELD_ACTION xy=(279,119) touch_state=0x017EEDF2 completed=True
2026-09-23T10:57:03.817+01:00 AUTO SWEET SCENT TOUCH: SWEET_SCENT xy=(170,104) touch_state=0x016EE87F completed=True
2026-09-23T10:57:11.078+01:00 AUTO SWEET SCENT: battle active — Horde boundary acquired
2026-09-23T10:57:13.948+01:00 HORDE LEAD RAM REFRESH: Staryu moves=[55, 145, 129, 61] PP=[21, 30, 20, 20] source=RUNTIME_POINTER_CHAIN
2026-09-23T10:57:13.949+01:00 PARTY LIVE ORDER: battle pointer table -> species [120, 265, 283, 261, 263, 252] order [0, 2, 3, 4, 5, 1]
2026-09-23T10:57:14.018+01:00 #9 HORDE x5 [AUTO SWEET SCENT]: Seedot, Seedot, Seedot, Seedot, Seedot
2026-09-23T10:57:14.021+01:00   slot0 Seedot PID 0x0554A05E XOR 26323 shiny=False
2026-09-23T10:57:14.022+01:00   slot1 Seedot PID 0x4610859E XOR 87 shiny=False
2026-09-23T10:57:14.023+01:00   slot2 Seedot PID 0x0B5721A1 XOR 59695 shiny=False
2026-09-23T10:57:14.024+01:00   slot3 Seedot PID 0xBAD080CB XOR 63938 shiny=False
2026-09-23T10:57:14.024+01:00   slot4 Seedot PID 0x8F455668 XOR 6900 shiny=False
2026-09-23T10:57:14.157+01:00 LAST SEEN FEED: emitted 5 Horde/wild payload(s) to Recent encounters (shiny=0)
2026-09-23T10:57:14.164+01:00 HORDE AUTHORITY COMMITTED: +5 Pokémon seen before escape
2026-09-23T10:57:28.245+01:00 PARTY LIVE ORDER D25: source=RUNTIME_POINTER_CHAIN species=[120, 252, 265, 283, 261, 263]
2026-09-23T10:57:28.249+01:00 TIMING #9: field->encounter 11.767s • battle+return 17.169s • cycle 28.936s
2026-09-23T10:57:28.250+01:00 HF97 PHASE #9: boundary_wait 2.660s • pre_run_processing 0.418s • run_to_core_field 11.997s • postcore_field_authority 2.086s • accepted_run_attempt 24
2026-09-23T10:57:28.389+01:00 PASS #9: Horde x5 • Run tap 24 -> Route 102 grid [130, 133]
2026-09-23T10:57:28.486+01:00 AUTO SWEET SCENT RE-ARM: waiting 1.00 s after prior Horde field return before touchscreen route
2026-09-23T10:57:29.547+01:00 AUTO SWEET SCENT RE-ARM: PASS — battle inactive and anchor grid [130, 133] retained
2026-09-23T10:57:29.549+01:00 AUTO SWEET SCENT D25 TOUCH ROUTE: green Poké Ball (60,230) -> silver visible-slot-4 field icon (279, 119) -> Sweet Scent (170,104)
2026-09-23T10:57:29.832+01:00 AUTO SWEET SCENT TOUCH: GREEN_POKEBALL_PARTY xy=(60,230) touch_state=0x01F542FF completed=True
2026-09-23T10:57:31.863+01:00 AUTO SWEET SCENT TOUCH: SLOT4_SILVER_FIELD_ACTION xy=(279,119) touch_state=0x017EEDF2 completed=True
2026-09-23T10:57:32.910+01:00 AUTO SWEET SCENT TOUCH: SWEET_SCENT xy=(170,104) touch_state=0x016EE87F completed=True
2026-09-23T10:57:40.128+01:00 AUTO SWEET SCENT: battle active — Horde boundary acquired
2026-09-23T10:57:43.018+01:00 HORDE LEAD RAM REFRESH: Staryu moves=[55, 145, 129, 61] PP=[21, 30, 20, 20] source=RUNTIME_POINTER_CHAIN
2026-09-23T10:57:43.020+01:00 PARTY LIVE ORDER: battle pointer table -> species [120, 265, 283, 261, 263, 252] order [0, 2, 3, 4, 5, 1]
2026-09-23T10:57:43.076+01:00 #10 HORDE x5 [AUTO SWEET SCENT]: Seedot, Seedot, Seedot, Seedot, Seedot
2026-09-23T10:57:43.077+01:00   slot0 Seedot PID 0x645961FE XOR 50814 shiny=False
2026-09-23T10:57:43.078+01:00   slot1 Seedot PID 0x2F7F4176 XOR 44496 shiny=False
2026-09-23T10:57:43.082+01:00   slot2 Seedot PID 0x756C74AE XOR 49691 shiny=False
2026-09-23T10:57:43.083+01:00   slot3 Seedot PID 0x97F87F5C XOR 11133 shiny=False
2026-09-23T10:57:43.084+01:00   slot4 Seedot PID 0x47DBE031 XOR 25651 shiny=False
2026-09-23T10:57:43.214+01:00 LAST SEEN FEED: emitted 5 Horde/wild payload(s) to Recent encounters (shiny=0)
2026-09-23T10:57:43.220+01:00 HORDE AUTHORITY COMMITTED: +5 Pokémon seen before escape
2026-09-23T10:57:57.124+01:00 PARTY LIVE ORDER D25: source=RUNTIME_POINTER_CHAIN species=[120, 252, 265, 283, 261, 263]
2026-09-23T10:57:57.127+01:00 TIMING #10: field->encounter 11.739s • battle+return 16.998s • cycle 28.738s
2026-09-23T10:57:57.130+01:00 HF97 PHASE #10: boundary_wait 2.674s • pre_run_processing 0.409s • run_to_core_field 12.039s • postcore_field_authority 1.867s • accepted_run_attempt 24
2026-09-23T10:57:57.272+01:00 PASS #10: Horde x5 • Run tap 24 -> Route 102 grid [130, 133]
2026-09-23T10:57:57.354+01:00 AUTO SWEET SCENT RE-ARM: waiting 1.00 s after prior Horde field return before touchscreen route
2026-09-23T10:57:58.417+01:00 AUTO SWEET SCENT RE-ARM: PASS — battle inactive and anchor grid [130, 133] retained
2026-09-23T10:57:58.419+01:00 AUTO SWEET SCENT D25 TOUCH ROUTE: green Poké Ball (60,230) -> silver visible-slot-4 field icon (279, 119) -> Sweet Scent (170,104)
2026-09-23T10:57:58.714+01:00 AUTO SWEET SCENT TOUCH: GREEN_POKEBALL_PARTY xy=(60,230) touch_state=0x01F542FF completed=True
2026-09-23T10:58:00.741+01:00 AUTO SWEET SCENT TOUCH: SLOT4_SILVER_FIELD_ACTION xy=(279,119) touch_state=0x017EEDF2 completed=True
2026-09-23T10:58:01.776+01:00 AUTO SWEET SCENT TOUCH: SWEET_SCENT xy=(170,104) touch_state=0x016EE87F completed=True
2026-09-23T10:58:08.875+01:00 AUTO SWEET SCENT: battle active — Horde boundary acquired
2026-09-23T10:58:11.886+01:00 HORDE LEAD RAM REFRESH: Staryu moves=[55, 145, 129, 61] PP=[21, 30, 20, 20] source=RUNTIME_POINTER_CHAIN
2026-09-23T10:58:11.887+01:00 PARTY LIVE ORDER: battle pointer table -> species [120, 265, 283, 261, 263, 252] order [0, 2, 3, 4, 5, 1]
2026-09-23T10:58:11.958+01:00 #11 HORDE x5 [AUTO SWEET SCENT]: Seedot, Seedot, Seedot, Seedot, Seedot
2026-09-23T10:58:11.960+01:00   slot0 Seedot PID 0x192D6F92 XOR 46438 shiny=False
2026-09-23T10:58:11.961+01:00   slot1 Seedot PID 0xD1063771 XOR 9646 shiny=False
2026-09-23T10:58:11.962+01:00   slot2 Seedot PID 0x518FE010 XOR 29254 shiny=False
2026-09-23T10:58:11.963+01:00   slot3 Seedot PID 0x5808B06A XOR 11195 shiny=False
2026-09-23T10:58:11.964+01:00   slot4 Seedot PID 0x930A5EE5 XOR 3638 shiny=False
2026-09-23T10:58:12.111+01:00 LAST SEEN FEED: emitted 5 Horde/wild payload(s) to Recent encounters (shiny=0)
2026-09-23T10:58:12.116+01:00 HORDE AUTHORITY COMMITTED: +5 Pokémon seen before escape
2026-09-23T10:58:26.206+01:00 PARTY LIVE ORDER D25: source=RUNTIME_POINTER_CHAIN species=[120, 252, 265, 283, 261, 263]
2026-09-23T10:58:26.207+01:00 TIMING #11: field->encounter 11.603s • battle+return 17.331s • cycle 28.934s
2026-09-23T10:58:26.208+01:00 HF97 PHASE #11: boundary_wait 2.804s • pre_run_processing 0.429s • run_to_core_field 12.033s • postcore_field_authority 2.057s • accepted_run_attempt 24
2026-09-23T10:58:26.341+01:00 PASS #11: Horde x5 • Run tap 24 -> Route 102 grid [130, 133]
2026-09-23T10:58:26.448+01:00 AUTO SWEET SCENT RE-ARM: waiting 1.00 s after prior Horde field return before touchscreen route
2026-09-23T10:58:27.512+01:00 AUTO SWEET SCENT RE-ARM: PASS — battle inactive and anchor grid [130, 133] retained
2026-09-23T10:58:27.515+01:00 AUTO SWEET SCENT D25 TOUCH ROUTE: green Poké Ball (60,230) -> silver visible-slot-4 field icon (279, 119) -> Sweet Scent (170,104)
2026-09-23T10:58:27.790+01:00 AUTO SWEET SCENT TOUCH: GREEN_POKEBALL_PARTY xy=(60,230) touch_state=0x01F542FF completed=True
2026-09-23T10:58:29.817+01:00 AUTO SWEET SCENT TOUCH: SLOT4_SILVER_FIELD_ACTION xy=(279,119) touch_state=0x017EEDF2 completed=True
2026-09-23T10:58:30.843+01:00 AUTO SWEET SCENT TOUCH: SWEET_SCENT xy=(170,104) touch_state=0x016EE87F completed=True
2026-09-23T10:58:38.060+01:00 AUTO SWEET SCENT: battle active — Horde boundary acquired
2026-09-23T10:58:40.921+01:00 HORDE LEAD RAM REFRESH: Staryu moves=[55, 145, 129, 61] PP=[21, 30, 20, 20] source=RUNTIME_POINTER_CHAIN
2026-09-23T10:58:40.925+01:00 PARTY LIVE ORDER: battle pointer table -> species [120, 265, 283, 261, 263, 252] order [0, 2, 3, 4, 5, 1]
2026-09-23T10:58:40.981+01:00 #12 HORDE x5 [AUTO SWEET SCENT]: Seedot, Seedot, Seedot, Seedot, Seedot
2026-09-23T10:58:40.982+01:00   slot0 Seedot PID 0xCB97741E XOR 31824 shiny=False
2026-09-23T10:58:40.983+01:00   slot1 Seedot PID 0x4354411B XOR 49558 shiny=False
2026-09-23T10:58:40.983+01:00   slot2 Seedot PID 0xC6A8BFA1 XOR 47824 shiny=False
2026-09-23T10:58:40.984+01:00   slot3 Seedot PID 0x15D03213 XOR 58394 shiny=False
2026-09-23T10:58:40.985+01:00   slot4 Seedot PID 0x86243665 XOR 29592 shiny=False
2026-09-23T10:58:41.117+01:00 LAST SEEN FEED: emitted 5 Horde/wild payload(s) to Recent encounters (shiny=0)
2026-09-23T10:58:41.123+01:00 HORDE AUTHORITY COMMITTED: +5 Pokémon seen before escape
2026-09-23T10:58:55.067+01:00 PARTY LIVE ORDER D25: source=RUNTIME_POINTER_CHAIN species=[120, 252, 265, 283, 261, 263]
2026-09-23T10:58:55.071+01:00 TIMING #12: field->encounter 11.721s • battle+return 17.008s • cycle 28.729s
2026-09-23T10:58:55.072+01:00 HF97 PHASE #12: boundary_wait 2.634s • pre_run_processing 0.431s • run_to_core_field 12.041s • postcore_field_authority 1.894s • accepted_run_attempt 24
2026-09-23T10:58:55.218+01:00 PASS #12: Horde x5 • Run tap 24 -> Route 102 grid [130, 133]
2026-09-23T10:58:55.317+01:00 AUTO SWEET SCENT RE-ARM: waiting 1.00 s after prior Horde field return before touchscreen route
2026-09-23T10:58:56.378+01:00 AUTO SWEET SCENT RE-ARM: PASS — battle inactive and anchor grid [130, 133] retained
2026-09-23T10:58:56.381+01:00 AUTO SWEET SCENT D25 TOUCH ROUTE: green Poké Ball (60,230) -> silver visible-slot-4 field icon (279, 119) -> Sweet Scent (170,104)
2026-09-23T10:58:56.673+01:00 AUTO SWEET SCENT TOUCH: GREEN_POKEBALL_PARTY xy=(60,230) touch_state=0x01F542FF completed=True
2026-09-23T10:58:58.716+01:00 AUTO SWEET SCENT TOUCH: SLOT4_SILVER_FIELD_ACTION xy=(279,119) touch_state=0x017EEDF2 completed=True
2026-09-23T10:58:59.747+01:00 AUTO SWEET SCENT TOUCH: SWEET_SCENT xy=(170,104) touch_state=0x016EE87F completed=True
2026-09-23T10:59:06.981+01:00 AUTO SWEET SCENT: battle active — Horde boundary acquired
2026-09-23T10:59:09.852+01:00 HORDE LEAD RAM REFRESH: Staryu moves=[55, 145, 129, 61] PP=[21, 30, 20, 20] source=RUNTIME_POINTER_CHAIN
2026-09-23T10:59:09.854+01:00 PARTY LIVE ORDER: battle pointer table -> species [120, 265, 283, 261, 263, 252] order [0, 2, 3, 4, 5, 1]
2026-09-23T10:59:09.914+01:00 #13 HORDE x5 [AUTO SWEET SCENT]: Zigzagoon, Zigzagoon, Zigzagoon, Zigzagoon, Zigzagoon
2026-09-23T10:59:09.915+01:00   slot0 Zigzagoon PID 0x169D693D XOR 48249 shiny=False
2026-09-23T10:59:09.916+01:00   slot1 Zigzagoon PID 0x56F21342 XOR 34409 shiny=False
2026-09-23T10:59:09.917+01:00   slot2 Zigzagoon PID 0x789F056E XOR 48680 shiny=False
2026-09-23T10:59:09.918+01:00   slot3 Zigzagoon PID 0x3EADE3D0 XOR 7844 shiny=False
2026-09-23T10:59:09.920+01:00   slot4 Zigzagoon PID 0xB01FDCCC XOR 44810 shiny=False
2026-09-23T10:59:10.052+01:00 LAST SEEN FEED: emitted 5 Horde/wild payload(s) to Recent encounters (shiny=0)
2026-09-23T10:59:10.071+01:00 HORDE AUTHORITY COMMITTED: +5 Pokémon seen before escape
2026-09-23T10:59:22.945+01:00 RUN RECOVERY EXTENSION: battle still active after 24 causal Run taps; allowing up to 24 additional bounded Run taps (48 total)
2026-09-23T10:59:25.116+01:00 PARTY LIVE ORDER D25: source=RUNTIME_POINTER_CHAIN species=[120, 252, 265, 283, 261, 263]
2026-09-23T10:59:25.118+01:00 TIMING #13: field->encounter 11.764s • battle+return 18.135s • cycle 29.899s
2026-09-23T10:59:25.120+01:00 HF97 PHASE #13: boundary_wait 2.644s • pre_run_processing 0.436s • run_to_core_field 13.160s • postcore_field_authority 1.885s • accepted_run_attempt 25
2026-09-23T10:59:25.265+01:00 PASS #13: Horde x5 • Run tap 25 -> Route 102 grid [130, 133]
2026-09-23T10:59:25.350+01:00 AUTO SWEET SCENT RE-ARM: waiting 1.00 s after prior Horde field return before touchscreen route
2026-09-23T10:59:26.413+01:00 AUTO SWEET SCENT RE-ARM: PASS — battle inactive and anchor grid [130, 133] retained
2026-09-23T10:59:26.415+01:00 AUTO SWEET SCENT D25 TOUCH ROUTE: green Poké Ball (60,230) -> silver visible-slot-4 field icon (279, 119) -> Sweet Scent (170,104)
2026-09-23T10:59:26.699+01:00 AUTO SWEET SCENT TOUCH: GREEN_POKEBALL_PARTY xy=(60,230) touch_state=0x01F542FF completed=True
2026-09-23T10:59:28.733+01:00 AUTO SWEET SCENT TOUCH: SLOT4_SILVER_FIELD_ACTION xy=(279,119) touch_state=0x017EEDF2 completed=True
2026-09-23T10:59:29.769+01:00 AUTO SWEET SCENT TOUCH: SWEET_SCENT xy=(170,104) touch_state=0x016EE87F completed=True
2026-09-23T10:59:38.316+01:00 AUTO SWEET SCENT: battle active — Horde boundary acquired
2026-09-23T10:59:41.278+01:00 HORDE LEAD RAM REFRESH: Staryu moves=[55, 145, 129, 61] PP=[21, 30, 20, 20] source=RUNTIME_POINTER_CHAIN
2026-09-23T10:59:41.280+01:00 PARTY LIVE ORDER: battle pointer table -> species [120, 265, 283, 261, 263, 252] order [0, 2, 3, 4, 5, 1]
2026-09-23T10:59:41.338+01:00 #14 HORDE x5 [AUTO SWEET SCENT]: Zigzagoon, Zigzagoon, Zigzagoon, Zigzagoon, Zigzagoon
2026-09-23T10:59:41.339+01:00   slot0 Zigzagoon PID 0xDD7F16F7 XOR 2129 shiny=False
2026-09-23T10:59:41.340+01:00   slot1 Zigzagoon PID 0x180C63BB XOR 47214 shiny=False
2026-09-23T10:59:41.340+01:00   slot2 Zigzagoon PID 0x30402A1B XOR 55682 shiny=False
2026-09-23T10:59:41.341+01:00   slot3 Zigzagoon PID 0x1F438504 XOR 22942 shiny=False
2026-09-23T10:59:41.342+01:00   slot4 Zigzagoon PID 0xC9EB4B53 XOR 16737 shiny=False
2026-09-23T10:59:41.473+01:00 LAST SEEN FEED: emitted 5 Horde/wild payload(s) to Recent encounters (shiny=0)
2026-09-23T10:59:41.478+01:00 HORDE AUTHORITY COMMITTED: +5 Pokémon seen before escape
2026-09-23T10:59:54.105+01:00 RUN RECOVERY EXTENSION: battle still active after 24 causal Run taps; allowing up to 24 additional bounded Run taps (48 total)
2026-09-23T10:59:56.953+01:00 PARTY LIVE ORDER D25: source=RUNTIME_POINTER_CHAIN species=[120, 252, 265, 283, 261, 263]
2026-09-23T10:59:56.955+01:00 TIMING #14: field->encounter 11.744s • battle+return 18.636s • cycle 30.381s
2026-09-23T10:59:56.956+01:00 HF97 PHASE #14: boundary_wait 2.724s • pre_run_processing 0.430s • run_to_core_field 13.408s • postcore_field_authority 2.067s • accepted_run_attempt 26
2026-09-23T10:59:57.105+01:00 PASS #14: Horde x5 • Run tap 26 -> Route 102 grid [130, 133]
2026-09-23T10:59:57.209+01:00 AUTO SWEET SCENT RE-ARM: waiting 1.00 s after prior Horde field return before touchscreen route
2026-09-23T10:59:58.269+01:00 AUTO SWEET SCENT RE-ARM: PASS — battle inactive and anchor grid [130, 133] retained
2026-09-23T10:59:58.271+01:00 AUTO SWEET SCENT D25 TOUCH ROUTE: green Poké Ball (60,230) -> silver visible-slot-4 field icon (279, 119) -> Sweet Scent (170,104)
2026-09-23T10:59:58.548+01:00 AUTO SWEET SCENT TOUCH: GREEN_POKEBALL_PARTY xy=(60,230) touch_state=0x01F542FF completed=True
2026-09-23T11:00:00.594+01:00 AUTO SWEET SCENT TOUCH: SLOT4_SILVER_FIELD_ACTION xy=(279,119) touch_state=0x017EEDF2 completed=True
2026-09-23T11:00:01.623+01:00 AUTO SWEET SCENT TOUCH: SWEET_SCENT xy=(170,104) touch_state=0x016EE87F completed=True
2026-09-23T11:00:08.857+01:00 AUTO SWEET SCENT: battle active — Horde boundary acquired
2026-09-23T11:00:11.785+01:00 HORDE LEAD RAM REFRESH: Staryu moves=[55, 145, 129, 61] PP=[21, 30, 20, 20] source=RUNTIME_POINTER_CHAIN
2026-09-23T11:00:11.787+01:00 PARTY LIVE ORDER: battle pointer table -> species [120, 265, 283, 261, 263, 252] order [0, 2, 3, 4, 5, 1]
2026-09-23T11:00:11.844+01:00 #15 HORDE x5 [AUTO SWEET SCENT]: Zigzagoon, Zigzagoon, Zigzagoon, Zigzagoon, Zigzagoon
2026-09-23T11:00:11.845+01:00   slot0 Zigzagoon PID 0x21616FFC XOR 36164 shiny=False
2026-09-23T11:00:11.846+01:00   slot1 Zigzagoon PID 0xE0282435 XOR 1988 shiny=False
2026-09-23T11:00:11.846+01:00   slot2 Zigzagoon PID 0x0D37DBDE XOR 5424 shiny=False
2026-09-23T11:00:11.849+01:00   slot3 Zigzagoon PID 0x9A2258BD XOR 326 shiny=False
2026-09-23T11:00:11.850+01:00   slot4 Zigzagoon PID 0x6C447CEE XOR 54131 shiny=False
2026-09-23T11:00:11.980+01:00 LAST SEEN FEED: emitted 5 Horde/wild payload(s) to Recent encounters (shiny=0)
2026-09-23T11:00:11.986+01:00 HORDE AUTHORITY COMMITTED: +5 Pokémon seen before escape
2026-09-23T11:00:24.689+01:00 RUN RECOVERY EXTENSION: battle still active after 24 causal Run taps; allowing up to 24 additional bounded Run taps (48 total)
2026-09-23T11:00:27.489+01:00 PARTY LIVE ORDER D25: source=RUNTIME_POINTER_CHAIN species=[120, 252, 265, 283, 261, 263]
2026-09-23T11:00:27.491+01:00 TIMING #15: field->encounter 11.753s • battle+return 18.632s • cycle 30.385s
2026-09-23T11:00:27.492+01:00 HF97 PHASE #15: boundary_wait 2.687s • pre_run_processing 0.439s • run_to_core_field 13.449s • postcore_field_authority 2.047s • accepted_run_attempt 26
2026-09-23T11:00:27.656+01:00 PASS #15: Horde x5 • Run tap 26 -> Route 102 grid [130, 133]
2026-09-23T11:00:27.765+01:00 AUTO SWEET SCENT RE-ARM: waiting 1.00 s after prior Horde field return before touchscreen route
2026-09-23T11:00:28.825+01:00 AUTO SWEET SCENT RE-ARM: PASS — battle inactive and anchor grid [130, 133] retained
2026-09-23T11:00:28.827+01:00 AUTO SWEET SCENT D25 TOUCH ROUTE: green Poké Ball (60,230) -> silver visible-slot-4 field icon (279, 119) -> Sweet Scent (170,104)
2026-09-23T11:00:29.102+01:00 AUTO SWEET SCENT TOUCH: GREEN_POKEBALL_PARTY xy=(60,230) touch_state=0x01F542FF completed=True
2026-09-23T11:00:31.123+01:00 AUTO SWEET SCENT TOUCH: SLOT4_SILVER_FIELD_ACTION xy=(279,119) touch_state=0x017EEDF2 completed=True
2026-09-23T11:00:32.156+01:00 AUTO SWEET SCENT TOUCH: SWEET_SCENT xy=(170,104) touch_state=0x016EE87F completed=True
2026-09-23T11:00:39.363+01:00 AUTO SWEET SCENT: battle active — Horde boundary acquired
2026-09-23T11:00:42.231+01:00 HORDE LEAD RAM REFRESH: Staryu moves=[55, 145, 129, 61] PP=[21, 30, 20, 20] source=RUNTIME_POINTER_CHAIN
2026-09-23T11:00:42.236+01:00 PARTY LIVE ORDER: battle pointer table -> species [120, 265, 283, 261, 263, 252] order [0, 2, 3, 4, 5, 1]
2026-09-23T11:00:42.300+01:00 #16 HORDE x5 [AUTO SWEET SCENT]: Zigzagoon, Zigzagoon, Zigzagoon, Zigzagoon, Zigzagoon
2026-09-23T11:00:42.301+01:00   slot0 Zigzagoon PID 0x4EE7A468 XOR 10582 shiny=False
2026-09-23T11:00:42.302+01:00   slot1 Zigzagoon PID 0x28068139 XOR 27366 shiny=False
2026-09-23T11:00:42.303+01:00   slot2 Zigzagoon PID 0x65A031D0 XOR 38825 shiny=False
2026-09-23T11:00:42.305+01:00   slot3 Zigzagoon PID 0x75387FAE XOR 51535 shiny=False
2026-09-23T11:00:42.306+01:00   slot4 Zigzagoon PID 0x6B5929CE XOR 33102 shiny=False
2026-09-23T11:00:42.444+01:00 LAST SEEN FEED: emitted 5 Horde/wild payload(s) to Recent encounters (shiny=0)
2026-09-23T11:00:42.460+01:00 HORDE AUTHORITY COMMITTED: +5 Pokémon seen before escape
2026-09-23T11:00:55.249+01:00 RUN RECOVERY EXTENSION: battle still active after 24 causal Run taps; allowing up to 24 additional bounded Run taps (48 total)
2026-09-23T11:00:58.121+01:00 PARTY LIVE ORDER D25: source=RUNTIME_POINTER_CHAIN species=[120, 252, 265, 283, 261, 263]
2026-09-23T11:00:58.123+01:00 TIMING #16: field->encounter 11.707s • battle+return 18.758s • cycle 30.466s
2026-09-23T11:00:58.124+01:00 HF97 PHASE #16: boundary_wait 2.640s • pre_run_processing 0.450s • run_to_core_field 13.564s • postcore_field_authority 2.096s • accepted_run_attempt 26
2026-09-23T11:00:58.268+01:00 PASS #16: Horde x5 • Run tap 26 -> Route 102 grid [130, 133]
2026-09-23T11:00:58.390+01:00 AUTO SWEET SCENT RE-ARM: waiting 1.00 s after prior Horde field return before touchscreen route
2026-09-23T11:00:59.465+01:00 AUTO SWEET SCENT RE-ARM: PASS — battle inactive and anchor grid [130, 133] retained
2026-09-23T11:00:59.467+01:00 AUTO SWEET SCENT D25 TOUCH ROUTE: green Poké Ball (60,230) -> silver visible-slot-4 field icon (279, 119) -> Sweet Scent (170,104)
2026-09-23T11:00:59.746+01:00 AUTO SWEET SCENT TOUCH: GREEN_POKEBALL_PARTY xy=(60,230) touch_state=0x01F542FF completed=True
2026-09-23T11:01:01.785+01:00 AUTO SWEET SCENT TOUCH: SLOT4_SILVER_FIELD_ACTION xy=(279,119) touch_state=0x017EEDF2 completed=True
2026-09-23T11:01:02.807+01:00 AUTO SWEET SCENT TOUCH: SWEET_SCENT xy=(170,104) touch_state=0x016EE87F completed=True
2026-09-23T11:01:10.049+01:00 AUTO SWEET SCENT: battle active — Horde boundary acquired
2026-09-23T11:01:12.984+01:00 HORDE LEAD RAM REFRESH: Staryu moves=[55, 145, 129, 61] PP=[21, 30, 20, 20] source=RUNTIME_POINTER_CHAIN
2026-09-23T11:01:12.986+01:00 PARTY LIVE ORDER: battle pointer table -> species [120, 265, 283, 261, 263, 252] order [0, 2, 3, 4, 5, 1]
2026-09-23T11:01:13.049+01:00 #17 HORDE x5 [AUTO SWEET SCENT]: Seedot, Seedot, Seedot, Seedot, Seedot
2026-09-23T11:01:13.050+01:00   slot0 Seedot PID 0x1E0B1A6E XOR 51132 shiny=False
2026-09-23T11:01:13.051+01:00   slot1 Seedot PID 0x0A386F32 XOR 42707 shiny=False
2026-09-23T11:01:13.052+01:00   slot2 Seedot PID 0x657428B1 XOR 36380 shiny=False
2026-09-23T11:01:13.052+01:00   slot3 Seedot PID 0xA1C33E28 XOR 23602 shiny=False
2026-09-23T11:01:13.053+01:00   slot4 Seedot PID 0x00F43760 XOR 62541 shiny=False
2026-09-23T11:01:13.191+01:00 LAST SEEN FEED: emitted 5 Horde/wild payload(s) to Recent encounters (shiny=0)
2026-09-23T11:01:13.196+01:00 HORDE AUTHORITY COMMITTED: +5 Pokémon seen before escape
2026-09-23T11:01:27.242+01:00 PARTY LIVE ORDER D25: source=RUNTIME_POINTER_CHAIN species=[120, 252, 265, 283, 261, 263]
2026-09-23T11:01:27.244+01:00 TIMING #17: field->encounter 11.782s • battle+return 17.194s • cycle 28.975s
2026-09-23T11:01:27.245+01:00 HF97 PHASE #17: boundary_wait 2.709s • pre_run_processing 0.431s • run_to_core_field 11.992s • postcore_field_authority 2.055s • accepted_run_attempt 24
2026-09-23T11:01:27.395+01:00 PASS #17: Horde x5 • Run tap 24 -> Route 102 grid [130, 133]
2026-09-23T11:01:27.504+01:00 AUTO SWEET SCENT RE-ARM: waiting 1.00 s after prior Horde field return before touchscreen route
2026-09-23T11:01:28.570+01:00 AUTO SWEET SCENT RE-ARM: PASS — battle inactive and anchor grid [130, 133] retained
2026-09-23T11:01:28.572+01:00 AUTO SWEET SCENT D25 TOUCH ROUTE: green Poké Ball (60,230) -> silver visible-slot-4 field icon (279, 119) -> Sweet Scent (170,104)
2026-09-23T11:01:28.868+01:00 AUTO SWEET SCENT TOUCH: GREEN_POKEBALL_PARTY xy=(60,230) touch_state=0x01F542FF completed=True
2026-09-23T11:01:30.898+01:00 AUTO SWEET SCENT TOUCH: SLOT4_SILVER_FIELD_ACTION xy=(279,119) touch_state=0x017EEDF2 completed=True
2026-09-23T11:01:31.940+01:00 AUTO SWEET SCENT TOUCH: SWEET_SCENT xy=(170,104) touch_state=0x016EE87F completed=True
2026-09-23T11:01:39.158+01:00 AUTO SWEET SCENT: battle active — Horde boundary acquired
2026-09-23T11:01:42.059+01:00 HORDE LEAD RAM REFRESH: Staryu moves=[55, 145, 129, 61] PP=[21, 30, 20, 20] source=RUNTIME_POINTER_CHAIN
2026-09-23T11:01:42.061+01:00 PARTY LIVE ORDER: battle pointer table -> species [120, 265, 283, 261, 263, 252] order [0, 2, 3, 4, 5, 1]
2026-09-23T11:01:42.115+01:00 #18 HORDE x5 [AUTO SWEET SCENT]: Seedot, Seedot, Seedot, Seedot, Seedot
2026-09-23T11:01:42.116+01:00   slot0 Seedot PID 0x6ACD6A61 XOR 50037 shiny=False
2026-09-23T11:01:42.117+01:00   slot1 Seedot PID 0xE74EFBF2 XOR 57189 shiny=False
2026-09-23T11:01:42.118+01:00   slot2 Seedot PID 0xEC5E2627 XOR 2464 shiny=False
2026-09-23T11:01:42.118+01:00   slot3 Seedot PID 0x65322407 XOR 33516 shiny=False
2026-09-23T11:01:42.119+01:00   slot4 Seedot PID 0x0FDB67ED XOR 44015 shiny=False
2026-09-23T11:01:42.257+01:00 LAST SEEN FEED: emitted 5 Horde/wild payload(s) to Recent encounters (shiny=0)
2026-09-23T11:01:42.275+01:00 HORDE AUTHORITY COMMITTED: +5 Pokémon seen before escape
2026-09-23T11:01:56.149+01:00 PARTY LIVE ORDER D25: source=RUNTIME_POINTER_CHAIN species=[120, 252, 265, 283, 261, 263]
2026-09-23T11:01:56.155+01:00 TIMING #18: field->encounter 11.763s • battle+return 16.995s • cycle 28.758s
2026-09-23T11:01:56.156+01:00 HF97 PHASE #18: boundary_wait 2.675s • pre_run_processing 0.433s • run_to_core_field 11.976s • postcore_field_authority 1.902s • accepted_run_attempt 24
2026-09-23T11:01:56.316+01:00 PASS #18: Horde x5 • Run tap 24 -> Route 102 grid [130, 133]
2026-09-23T11:01:56.426+01:00 AUTO SWEET SCENT RE-ARM: waiting 1.00 s after prior Horde field return before touchscreen route
2026-09-23T11:01:57.484+01:00 AUTO SWEET SCENT RE-ARM: PASS — battle inactive and anchor grid [130, 133] retained
2026-09-23T11:01:57.486+01:00 AUTO SWEET SCENT D25 TOUCH ROUTE: green Poké Ball (60,230) -> silver visible-slot-4 field icon (279, 119) -> Sweet Scent (170,104)
2026-09-23T11:01:57.762+01:00 AUTO SWEET SCENT TOUCH: GREEN_POKEBALL_PARTY xy=(60,230) touch_state=0x01F542FF completed=True
2026-09-23T11:01:59.783+01:00 AUTO SWEET SCENT TOUCH: SLOT4_SILVER_FIELD_ACTION xy=(279,119) touch_state=0x017EEDF2 completed=True
2026-09-23T11:02:00.831+01:00 AUTO SWEET SCENT TOUCH: SWEET_SCENT xy=(170,104) touch_state=0x016EE87F completed=True
2026-09-23T11:02:08.036+01:00 AUTO SWEET SCENT: battle active — Horde boundary acquired
2026-09-23T11:02:11.000+01:00 HORDE LEAD RAM REFRESH: Staryu moves=[55, 145, 129, 61] PP=[21, 30, 20, 20] source=RUNTIME_POINTER_CHAIN
2026-09-23T11:02:11.004+01:00 PARTY LIVE ORDER: battle pointer table -> species [120, 265, 283, 261, 263, 252] order [0, 2, 3, 4, 5, 1]
2026-09-23T11:02:11.071+01:00 #19 HORDE x5 [AUTO SWEET SCENT]: Seedot, Seedot, Seedot, Seedot, Seedot
2026-09-23T11:02:11.072+01:00   slot0 Seedot PID 0x25DFC95A XOR 12124 shiny=False
2026-09-23T11:02:11.073+01:00   slot1 Seedot PID 0x2CDC0E28 XOR 57645 shiny=False
2026-09-23T11:02:11.074+01:00   slot2 Seedot PID 0xF14A315B XOR 968 shiny=False
2026-09-23T11:02:11.075+01:00   slot3 Seedot PID 0x44B803AC XOR 33997 shiny=False
2026-09-23T11:02:11.075+01:00   slot4 Seedot PID 0x2CF19984 XOR 30380 shiny=False
2026-09-23T11:02:11.208+01:00 LAST SEEN FEED: emitted 5 Horde/wild payload(s) to Recent encounters (shiny=0)
2026-09-23T11:02:11.227+01:00 HORDE AUTHORITY COMMITTED: +5 Pokémon seen before escape
2026-09-23T11:02:25.171+01:00 PARTY LIVE ORDER D25: source=RUNTIME_POINTER_CHAIN species=[120, 252, 265, 283, 261, 263]
2026-09-23T11:02:25.172+01:00 TIMING #19: field->encounter 11.720s • battle+return 17.134s • cycle 28.855s
2026-09-23T11:02:25.173+01:00 HF97 PHASE #19: boundary_wait 2.733s • pre_run_processing 0.444s • run_to_core_field 12.064s • postcore_field_authority 1.880s • accepted_run_attempt 24
2026-09-23T11:02:25.324+01:00 PASS #19: Horde x5 • Run tap 24 -> Route 102 grid [130, 133]
2026-09-23T11:02:25.413+01:00 AUTO SWEET SCENT RE-ARM: waiting 1.00 s after prior Horde field return before touchscreen route
2026-09-23T11:02:26.479+01:00 AUTO SWEET SCENT RE-ARM: PASS — battle inactive and anchor grid [130, 133] retained
2026-09-23T11:02:26.481+01:00 AUTO SWEET SCENT D25 TOUCH ROUTE: green Poké Ball (60,230) -> silver visible-slot-4 field icon (279, 119) -> Sweet Scent (170,104)
2026-09-23T11:02:26.776+01:00 AUTO SWEET SCENT TOUCH: GREEN_POKEBALL_PARTY xy=(60,230) touch_state=0x01F542FF completed=True
2026-09-23T11:02:28.823+01:00 AUTO SWEET SCENT TOUCH: SLOT4_SILVER_FIELD_ACTION xy=(279,119) touch_state=0x017EEDF2 completed=True
2026-09-23T11:02:29.848+01:00 AUTO SWEET SCENT TOUCH: SWEET_SCENT xy=(170,104) touch_state=0x016EE87F completed=True
2026-09-23T11:02:37.057+01:00 AUTO SWEET SCENT: battle active — Horde boundary acquired
2026-09-23T11:02:39.945+01:00 HORDE LEAD RAM REFRESH: Staryu moves=[55, 145, 129, 61] PP=[21, 30, 20, 20] source=RUNTIME_POINTER_CHAIN
2026-09-23T11:02:39.946+01:00 PARTY LIVE ORDER: battle pointer table -> species [120, 265, 283, 261, 263, 252] order [0, 2, 3, 4, 5, 1]
2026-09-23T11:02:40.000+01:00 #20 HORDE x5 [AUTO SWEET SCENT]: Seedot, Seedot, Seedot, Seedot, Seedot
2026-09-23T11:02:40.001+01:00   slot0 Seedot PID 0x44135559 XOR 53907 shiny=False
2026-09-23T11:02:40.002+01:00   slot1 Seedot PID 0x471C6580 XOR 57669 shiny=False
2026-09-23T11:02:40.003+01:00   slot2 Seedot PID 0x729B5BBC XOR 60158 shiny=False
2026-09-23T11:02:40.003+01:00   slot3 Seedot PID 0x4D508E0C XOR 133 shiny=False
2026-09-23T11:02:40.004+01:00   slot4 Seedot PID 0x58C374F3 XOR 61417 shiny=False
2026-09-23T11:02:40.138+01:00 LAST SEEN FEED: emitted 5 Horde/wild payload(s) to Recent encounters (shiny=0)
2026-09-23T11:02:40.143+01:00 HORDE AUTHORITY COMMITTED: +5 Pokémon seen before escape
2026-09-23T11:02:52.893+01:00 RUN RECOVERY EXTENSION: battle still active after 24 causal Run taps; allowing up to 24 additional bounded Run taps (48 total)
2026-09-23T11:02:54.697+01:00 PARTY LIVE ORDER D25: source=RUNTIME_POINTER_CHAIN species=[120, 252, 265, 283, 261, 263]
2026-09-23T11:02:54.701+01:00 TIMING #20: field->encounter 11.732s • battle+return 17.643s • cycle 29.376s
2026-09-23T11:02:54.702+01:00 HF97 PHASE #20: boundary_wait 2.668s • pre_run_processing 0.412s • run_to_core_field 12.843s • postcore_field_authority 1.714s • accepted_run_attempt None
2026-09-23T11:02:54.848+01:00 PASS #20: Horde x5 • Run tap None -> Route 102 grid [130, 133]
2026-09-23T11:02:54.937+01:00 AUTO SWEET SCENT RE-ARM: waiting 1.00 s after prior Horde field return before touchscreen route
2026-09-23T11:02:56.007+01:00 AUTO SWEET SCENT RE-ARM: PASS — battle inactive and anchor grid [130, 133] retained
2026-09-23T11:02:56.010+01:00 AUTO SWEET SCENT D25 TOUCH ROUTE: green Poké Ball (60,230) -> silver visible-slot-4 field icon (279, 119) -> Sweet Scent (170,104)
2026-09-23T11:02:56.280+01:00 AUTO SWEET SCENT TOUCH: GREEN_POKEBALL_PARTY xy=(60,230) touch_state=0x01F542FF completed=True
2026-09-23T11:02:58.308+01:00 AUTO SWEET SCENT TOUCH: SLOT4_SILVER_FIELD_ACTION xy=(279,119) touch_state=0x017EEDF2 completed=True
2026-09-23T11:02:59.333+01:00 AUTO SWEET SCENT TOUCH: SWEET_SCENT xy=(170,104) touch_state=0x016EE87F completed=True
2026-09-23T11:03:06.562+01:00 AUTO SWEET SCENT: battle active — Horde boundary acquired
2026-09-23T11:03:09.492+01:00 HORDE LEAD RAM REFRESH: Staryu moves=[55, 145, 129, 61] PP=[21, 30, 20, 20] source=RUNTIME_POINTER_CHAIN
2026-09-23T11:03:09.493+01:00 PARTY LIVE ORDER: battle pointer table -> species [120, 265, 283, 261, 263, 252] order [0, 2, 3, 4, 5, 1]
2026-09-23T11:03:09.548+01:00 #21 HORDE x5 [AUTO SWEET SCENT]: Zigzagoon, Zigzagoon, Zigzagoon, Zigzagoon, Zigzagoon
2026-09-23T11:03:09.549+01:00   slot0 Zigzagoon PID 0xF615DF78 XOR 60084 shiny=False
2026-09-23T11:03:09.550+01:00   slot1 Zigzagoon PID 0xECA882B8 XOR 44489 shiny=False
2026-09-23T11:03:09.551+01:00   slot2 Zigzagoon PID 0x529F4F8F XOR 57033 shiny=False
2026-09-23T11:03:09.552+01:00   slot3 Zigzagoon PID 0x081158A2 XOR 37738 shiny=False
2026-09-23T11:03:09.553+01:00   slot4 Zigzagoon PID 0xC1AEC8B4 XOR 51907 shiny=False
2026-09-23T11:03:09.690+01:00 LAST SEEN FEED: emitted 5 Horde/wild payload(s) to Recent encounters (shiny=0)
2026-09-23T11:03:09.696+01:00 HORDE AUTHORITY COMMITTED: +5 Pokémon seen before escape
2026-09-23T11:03:22.461+01:00 RUN RECOVERY EXTENSION: battle still active after 24 causal Run taps; allowing up to 24 additional bounded Run taps (48 total)
2026-09-23T11:03:24.824+01:00 PARTY LIVE ORDER D25: source=RUNTIME_POINTER_CHAIN species=[120, 252, 265, 283, 261, 263]
2026-09-23T11:03:24.827+01:00 TIMING #21: field->encounter 11.714s • battle+return 18.264s • cycle 29.978s
2026-09-23T11:03:24.828+01:00 HF97 PHASE #21: boundary_wait 2.720s • pre_run_processing 0.403s • run_to_core_field 13.033s • postcore_field_authority 2.096s • accepted_run_attempt 25
2026-09-23T11:03:24.985+01:00 PASS #21: Horde x5 • Run tap 25 -> Route 102 grid [130, 133]
2026-09-23T11:03:25.085+01:00 AUTO SWEET SCENT RE-ARM: waiting 1.00 s after prior Horde field return before touchscreen route
2026-09-23T11:03:26.149+01:00 AUTO SWEET SCENT RE-ARM: PASS — battle inactive and anchor grid [130, 133] retained
2026-09-23T11:03:26.151+01:00 AUTO SWEET SCENT D25 TOUCH ROUTE: green Poké Ball (60,230) -> silver visible-slot-4 field icon (279, 119) -> Sweet Scent (170,104)
2026-09-23T11:03:26.430+01:00 AUTO SWEET SCENT TOUCH: GREEN_POKEBALL_PARTY xy=(60,230) touch_state=0x01F542FF completed=True
2026-09-23T11:03:28.478+01:00 AUTO SWEET SCENT TOUCH: SLOT4_SILVER_FIELD_ACTION xy=(279,119) touch_state=0x017EEDF2 completed=True
2026-09-23T11:03:29.504+01:00 AUTO SWEET SCENT TOUCH: SWEET_SCENT xy=(170,104) touch_state=0x016EE87F completed=True
2026-09-23T11:03:36.713+01:00 AUTO SWEET SCENT: battle active — Horde boundary acquired
2026-09-23T11:03:39.672+01:00 HORDE LEAD RAM REFRESH: Staryu moves=[55, 145, 129, 61] PP=[21, 30, 20, 20] source=RUNTIME_POINTER_CHAIN
2026-09-23T11:03:39.675+01:00 PARTY LIVE ORDER: battle pointer table -> species [120, 265, 283, 261, 263, 252] order [0, 2, 3, 4, 5, 1]
2026-09-23T11:03:39.734+01:00 #22 HORDE x5 [AUTO SWEET SCENT]: Zigzagoon, Zigzagoon, Zigzagoon, Zigzagoon, Zigzagoon
2026-09-23T11:03:39.735+01:00   slot0 Zigzagoon PID 0x897FA2C2 XOR 59492 shiny=False
2026-09-23T11:03:39.737+01:00   slot1 Zigzagoon PID 0x4FFD3C54 XOR 45168 shiny=False
2026-09-23T11:03:39.737+01:00   slot2 Zigzagoon PID 0xCFDD7DC9 XOR 29133 shiny=False
2026-09-23T11:03:39.739+01:00   slot3 Zigzagoon PID 0xCC09E9FE XOR 58926 shiny=False
2026-09-23T11:03:39.740+01:00   slot4 Zigzagoon PID 0x5B771A6C XOR 33474 shiny=False
2026-09-23T11:03:39.873+01:00 LAST SEEN FEED: emitted 5 Horde/wild payload(s) to Recent encounters (shiny=0)
2026-09-23T11:03:39.886+01:00 HORDE AUTHORITY COMMITTED: +5 Pokémon seen before escape
2026-09-23T11:03:52.702+01:00 RUN RECOVERY EXTENSION: battle still active after 24 causal Run taps; allowing up to 24 additional bounded Run taps (48 total)
2026-09-23T11:03:55.395+01:00 PARTY LIVE ORDER D25: source=RUNTIME_POINTER_CHAIN species=[120, 252, 265, 283, 261, 263]
2026-09-23T11:03:55.398+01:00 TIMING #22: field->encounter 11.728s • battle+return 18.683s • cycle 30.411s
2026-09-23T11:03:55.399+01:00 HF97 PHASE #22: boundary_wait 2.741s • pre_run_processing 0.424s • run_to_core_field 13.629s • postcore_field_authority 1.881s • accepted_run_attempt 26
2026-09-23T11:03:55.547+01:00 PASS #22: Horde x5 • Run tap 26 -> Route 102 grid [130, 133]
2026-09-23T11:03:55.639+01:00 AUTO SWEET SCENT RE-ARM: waiting 1.00 s after prior Horde field return before touchscreen route
2026-09-23T11:03:56.698+01:00 AUTO SWEET SCENT RE-ARM: PASS — battle inactive and anchor grid [130, 133] retained
2026-09-23T11:03:56.700+01:00 AUTO SWEET SCENT D25 TOUCH ROUTE: green Poké Ball (60,230) -> silver visible-slot-4 field icon (279, 119) -> Sweet Scent (170,104)
2026-09-23T11:03:56.974+01:00 AUTO SWEET SCENT TOUCH: GREEN_POKEBALL_PARTY xy=(60,230) touch_state=0x01F542FF completed=True
2026-09-23T11:03:59.003+01:00 AUTO SWEET SCENT TOUCH: SLOT4_SILVER_FIELD_ACTION xy=(279,119) touch_state=0x017EEDF2 completed=True
2026-09-23T11:04:00.040+01:00 AUTO SWEET SCENT TOUCH: SWEET_SCENT xy=(170,104) touch_state=0x016EE87F completed=True
2026-09-23T11:04:07.249+01:00 AUTO SWEET SCENT: battle active — Horde boundary acquired
2026-09-23T11:04:10.375+01:00 HORDE LEAD RAM REFRESH: Staryu moves=[55, 145, 129, 61] PP=[21, 30, 20, 20] source=RUNTIME_POINTER_CHAIN
2026-09-23T11:04:10.378+01:00 PARTY LIVE ORDER: battle pointer table -> species [120, 265, 283, 261, 263, 252] order [0, 2, 3, 4, 5, 1]
2026-09-23T11:04:10.475+01:00 #23 HORDE x5 [AUTO SWEET SCENT]: Seedot, Seedot, Seedot, Seedot, Seedot
2026-09-23T11:04:10.476+01:00   slot0 Seedot PID 0xC49D784B XOR 32527 shiny=False
2026-09-23T11:04:10.477+01:00   slot1 Seedot PID 0x757CBFD6 XOR 2419 shiny=False
2026-09-23T11:04:10.477+01:00   slot2 Seedot PID 0x4403C7D5 XOR 16399 shiny=False
2026-09-23T11:04:10.478+01:00   slot3 Seedot PID 0xF43389A6 XOR 48716 shiny=False
2026-09-23T11:04:10.479+01:00   slot4 Seedot PID 0x9844673A XOR 15527 shiny=False
2026-09-23T11:04:11.956+01:00 LAST SEEN FEED: emitted 5 Horde/wild payload(s) to Recent encounters (shiny=0)
2026-09-23T11:04:11.976+01:00 HORDE AUTHORITY COMMITTED: +5 Pokémon seen before escape
2026-09-23T11:04:24.960+01:00 PARTY LIVE ORDER D25: source=RUNTIME_POINTER_CHAIN species=[120, 252, 265, 283, 261, 263]
2026-09-23T11:04:25.011+01:00 TIMING #23: field->encounter 11.702s • battle+return 17.713s • cycle 29.416s
2026-09-23T11:04:25.012+01:00 HF97 PHASE #23: boundary_wait 2.758s • pre_run_processing 1.963s • run_to_core_field 11.844s • postcore_field_authority 1.142s • accepted_run_attempt 19
2026-09-23T11:04:31.882+01:00 PASS #23: Horde x5 • Run tap 19 -> Route 102 grid [130, 133]
2026-09-23T11:04:32.421+01:00 AUTO SWEET SCENT RE-ARM: waiting 1.00 s after prior Horde field return before touchscreen route
2026-09-23T11:04:34.661+01:00 AUTO SWEET SCENT RE-ARM: PASS — battle inactive and anchor grid [130, 133] retained
2026-09-23T11:04:34.682+01:00 AUTO SWEET SCENT D25 TOUCH ROUTE: green Poké Ball (60,230) -> silver visible-slot-4 field icon (279, 119) -> Sweet Scent (170,104)
2026-09-23T11:04:35.006+01:00 AUTO SWEET SCENT TOUCH: GREEN_POKEBALL_PARTY xy=(60,230) touch_state=0x01F542FF completed=True
2026-09-23T11:04:37.030+01:00 AUTO SWEET SCENT TOUCH: SLOT4_SILVER_FIELD_ACTION xy=(279,119) touch_state=0x017EEDF2 completed=True
2026-09-23T11:04:38.128+01:00 AUTO SWEET SCENT TOUCH: SWEET_SCENT xy=(170,104) touch_state=0x016EE87F completed=True
2026-09-23T11:04:45.515+01:00 AUTO SWEET SCENT: battle active — Horde boundary acquired
2026-09-23T11:04:48.359+01:00 HORDE LEAD RAM REFRESH: Staryu moves=[55, 145, 129, 61] PP=[21, 30, 20, 20] source=RUNTIME_POINTER_CHAIN
2026-09-23T11:04:48.404+01:00 PARTY LIVE ORDER: battle pointer table -> species [120, 265, 283, 261, 263, 252] order [0, 2, 3, 4, 5, 1]
2026-09-23T11:04:48.762+01:00 #24 HORDE x5 [AUTO SWEET SCENT]: Seedot, Seedot, Seedot, Seedot, Seedot
2026-09-23T11:04:48.771+01:00   slot0 Seedot PID 0x83F840F9 XOR 216 shiny=False
2026-09-23T11:04:48.872+01:00   slot1 Seedot PID 0xBA7FBB32 XOR 49812 shiny=False
2026-09-23T11:04:48.874+01:00   slot2 Seedot PID 0x6603B476 XOR 4524 shiny=False
2026-09-23T11:04:48.874+01:00   slot3 Seedot PID 0xDEEFFDD7 XOR 57569 shiny=False
2026-09-23T11:04:48.893+01:00   slot4 Seedot PID 0x78260341 XOR 47294 shiny=False
2026-09-23T11:04:51.383+01:00 LAST SEEN FEED: emitted 5 Horde/wild payload(s) to Recent encounters (shiny=0)
2026-09-23T11:04:51.421+01:00 HORDE AUTHORITY COMMITTED: +5 Pokémon seen before escape
2026-09-23T11:05:02.392+01:00 PARTY LIVE ORDER D25: source=RUNTIME_POINTER_CHAIN species=[120, 252, 265, 283, 261, 263]
2026-09-23T11:05:02.427+01:00 TIMING #24: field->encounter 13.641s • battle+return 16.903s • cycle 30.544s
2026-09-23T11:05:02.479+01:00 HF97 PHASE #24: boundary_wait 2.545s • pre_run_processing 3.340s • run_to_core_field 8.646s • postcore_field_authority 2.359s • accepted_run_attempt 17
2026-09-23T11:05:03.639+01:00 PASS #24: Horde x5 • Run tap 17 -> Route 102 grid [130, 133]
2026-09-23T11:05:03.741+01:00 AUTO SWEET SCENT RE-ARM: waiting 1.00 s after prior Horde field return before touchscreen route
2026-09-23T11:05:04.802+01:00 AUTO SWEET SCENT RE-ARM: PASS — battle inactive and anchor grid [130, 133] retained
2026-09-23T11:05:04.805+01:00 AUTO SWEET SCENT D25 TOUCH ROUTE: green Poké Ball (60,230) -> silver visible-slot-4 field icon (279, 119) -> Sweet Scent (170,104)
2026-09-23T11:05:05.082+01:00 AUTO SWEET SCENT TOUCH: GREEN_POKEBALL_PARTY xy=(60,230) touch_state=0x01F542FF completed=True
2026-09-23T11:05:07.108+01:00 AUTO SWEET SCENT TOUCH: SLOT4_SILVER_FIELD_ACTION xy=(279,119) touch_state=0x017EEDF2 completed=True
2026-09-23T11:05:08.143+01:00 AUTO SWEET SCENT TOUCH: SWEET_SCENT xy=(170,104) touch_state=0x016EE87F completed=True
2026-09-23T11:05:15.357+01:00 AUTO SWEET SCENT: battle active — Horde boundary acquired
2026-09-23T11:05:18.307+01:00 HORDE LEAD RAM REFRESH: Staryu moves=[55, 145, 129, 61] PP=[21, 30, 20, 20] source=RUNTIME_POINTER_CHAIN
2026-09-23T11:05:18.308+01:00 PARTY LIVE ORDER: battle pointer table -> species [120, 265, 283, 261, 263, 252] order [0, 2, 3, 4, 5, 1]
2026-09-23T11:05:18.360+01:00 #25 HORDE x5 [AUTO SWEET SCENT]: Zigzagoon, Zigzagoon, Zigzagoon, Zigzagoon, Zigzagoon
2026-09-23T11:05:18.363+01:00   slot0 Zigzagoon PID 0xBAF736E4 XOR 20426 shiny=False
2026-09-23T11:05:18.365+01:00   slot1 Zigzagoon PID 0x8CAFB363 XOR 64533 shiny=False
2026-09-23T11:05:18.369+01:00   slot2 Zigzagoon PID 0x145276B0 XOR 41275 shiny=False
2026-09-23T11:05:18.371+01:00   slot3 Zigzagoon PID 0xDFE4D73A XOR 51975 shiny=False
2026-09-23T11:05:18.371+01:00   slot4 Zigzagoon PID 0x98E4100B XOR 19254 shiny=False
2026-09-23T11:05:18.543+01:00 LAST SEEN FEED: emitted 5 Horde/wild payload(s) to Recent encounters (shiny=0)
2026-09-23T11:05:18.556+01:00 HORDE AUTHORITY COMMITTED: +5 Pokémon seen before escape
2026-09-23T11:05:31.460+01:00 RUN RECOVERY EXTENSION: battle still active after 24 causal Run taps; allowing up to 24 additional bounded Run taps (48 total)
2026-09-23T11:05:33.782+01:00 PARTY LIVE ORDER D25: source=RUNTIME_POINTER_CHAIN species=[120, 252, 265, 283, 261, 263]
2026-09-23T11:05:33.785+01:00 TIMING #25: field->encounter 11.716s • battle+return 18.426s • cycle 30.142s
2026-09-23T11:05:33.786+01:00 HF97 PHASE #25: boundary_wait 2.726s • pre_run_processing 0.465s • run_to_core_field 13.174s • postcore_field_authority 2.054s • accepted_run_attempt 25
2026-09-23T11:05:33.986+01:00 PASS #25: Horde x5 • Run tap 25 -> Route 102 grid [130, 133]
2026-09-23T11:05:34.066+01:00 AUTO SWEET SCENT RE-ARM: waiting 1.00 s after prior Horde field return before touchscreen route
2026-09-23T11:05:35.135+01:00 AUTO SWEET SCENT RE-ARM: PASS — battle inactive and anchor grid [130, 133] retained
2026-09-23T11:05:35.139+01:00 AUTO SWEET SCENT D25 TOUCH ROUTE: green Poké Ball (60,230) -> silver visible-slot-4 field icon (279, 119) -> Sweet Scent (170,104)
2026-09-23T11:05:35.436+01:00 AUTO SWEET SCENT TOUCH: GREEN_POKEBALL_PARTY xy=(60,230) touch_state=0x01F542FF completed=True
2026-09-23T11:05:37.486+01:00 AUTO SWEET SCENT TOUCH: SLOT4_SILVER_FIELD_ACTION xy=(279,119) touch_state=0x017EEDF2 completed=True
2026-09-23T11:05:38.512+01:00 AUTO SWEET SCENT TOUCH: SWEET_SCENT xy=(170,104) touch_state=0x016EE87F completed=True
2026-09-23T11:05:45.734+01:00 AUTO SWEET SCENT: battle active — Horde boundary acquired
2026-09-23T11:05:48.757+01:00 HORDE LEAD RAM REFRESH: Staryu moves=[55, 145, 129, 61] PP=[21, 30, 20, 20] source=RUNTIME_POINTER_CHAIN
2026-09-23T11:05:48.763+01:00 PARTY LIVE ORDER: battle pointer table -> species [120, 265, 283, 261, 263, 252] order [0, 2, 3, 4, 5, 1]
2026-09-23T11:05:48.824+01:00 #26 HORDE x5 [AUTO SWEET SCENT]: Ralts, Ralts, Ralts, Ralts, Ralts
2026-09-23T11:05:48.827+01:00   slot0 Ralts PID 0x5326B5A8 XOR 9559 shiny=False
2026-09-23T11:05:48.830+01:00   slot1 Ralts PID 0x40B38A51 XOR 2363 shiny=False
2026-09-23T11:05:48.831+01:00   slot2 Ralts PID 0x4ED3726A XOR 65376 shiny=False
2026-09-23T11:05:48.837+01:00   slot3 Ralts PID 0xAB35E4DD XOR 35889 shiny=False
2026-09-23T11:05:48.838+01:00   slot4 Ralts PID 0xE0FDF7A8 XOR 54412 shiny=False
2026-09-23T11:05:49.060+01:00 LAST SEEN FEED: emitted 5 Horde/wild payload(s) to Recent encounters (shiny=0)
2026-09-23T11:05:49.070+01:00 HORDE AUTHORITY COMMITTED: +5 Pokémon seen before escape
2026-09-23T11:06:01.893+01:00 RUN RECOVERY EXTENSION: battle still active after 24 causal Run taps; allowing up to 24 additional bounded Run taps (48 total)
2026-09-23T11:06:09.793+01:00 PARTY LIVE ORDER D25: source=RUNTIME_POINTER_CHAIN species=[120, 252, 265, 283, 261, 263]
2026-09-23T11:06:09.819+01:00 TIMING #26: field->encounter 11.750s • battle+return 24.082s • cycle 35.832s
2026-09-23T11:06:09.820+01:00 HF97 PHASE #26: boundary_wait 2.753s • pre_run_processing 0.575s • run_to_core_field 18.751s • postcore_field_authority 1.996s • accepted_run_attempt 36
2026-09-23T11:06:10.094+01:00 PASS #26: Horde x5 • Run tap 36 -> Route 102 grid [130, 133]
2026-09-23T11:06:10.169+01:00 AUTO SWEET SCENT RE-ARM: waiting 1.00 s after prior Horde field return before touchscreen route
2026-09-23T11:06:11.233+01:00 AUTO SWEET SCENT RE-ARM: PASS — battle inactive and anchor grid [130, 133] retained
2026-09-23T11:06:11.235+01:00 AUTO SWEET SCENT D25 TOUCH ROUTE: green Poké Ball (60,230) -> silver visible-slot-4 field icon (279, 119) -> Sweet Scent (170,104)
2026-09-23T11:06:11.510+01:00 AUTO SWEET SCENT TOUCH: GREEN_POKEBALL_PARTY xy=(60,230) touch_state=0x01F542FF completed=True
2026-09-23T11:06:13.605+01:00 AUTO SWEET SCENT TOUCH: SLOT4_SILVER_FIELD_ACTION xy=(279,119) touch_state=0x017EEDF2 completed=True
2026-09-23T11:06:14.667+01:00 AUTO SWEET SCENT TOUCH: SWEET_SCENT xy=(170,104) touch_state=0x016EE87F completed=True
2026-09-23T11:06:21.873+01:00 AUTO SWEET SCENT: battle active — Horde boundary acquired
2026-09-23T11:06:24.769+01:00 HORDE LEAD RAM REFRESH: Staryu moves=[55, 145, 129, 61] PP=[21, 30, 20, 20] source=RUNTIME_POINTER_CHAIN
2026-09-23T11:06:24.771+01:00 PARTY LIVE ORDER: battle pointer table -> species [120, 265, 283, 261, 263, 252] order [0, 2, 3, 4, 5, 1]
2026-09-23T11:06:24.821+01:00 #27 HORDE x5 [AUTO SWEET SCENT]: Zigzagoon, Zigzagoon, Zigzagoon, Zigzagoon, Zigzagoon
2026-09-23T11:06:24.823+01:00   slot0 Zigzagoon PID 0x4846D879 XOR 21478 shiny=False
2026-09-23T11:06:24.824+01:00   slot1 Zigzagoon PID 0xD20B2DEF XOR 15421 shiny=False
2026-09-23T11:06:24.825+01:00   slot2 Zigzagoon PID 0x347B8C1F XOR 31677 shiny=False
2026-09-23T11:06:24.829+01:00   slot3 Zigzagoon PID 0xF574ED16 XOR 56251 shiny=False
2026-09-23T11:06:24.834+01:00   slot4 Zigzagoon PID 0x40FC1040 XOR 37733 shiny=False
2026-09-23T11:06:25.111+01:00 LAST SEEN FEED: emitted 5 Horde/wild payload(s) to Recent encounters (shiny=0)
2026-09-23T11:06:25.131+01:00 HORDE AUTHORITY COMMITTED: +5 Pokémon seen before escape
2026-09-23T11:06:37.978+01:00 RUN RECOVERY EXTENSION: battle still active after 24 causal Run taps; allowing up to 24 additional bounded Run taps (48 total)
2026-09-23T11:06:39.773+01:00 PARTY LIVE ORDER D25: source=RUNTIME_POINTER_CHAIN species=[120, 252, 265, 283, 261, 263]
2026-09-23T11:06:39.777+01:00 TIMING #27: field->encounter 11.779s • battle+return 17.903s • cycle 29.682s
2026-09-23T11:06:39.780+01:00 HF97 PHASE #27: boundary_wait 2.651s • pre_run_processing 0.599s • run_to_core_field 12.936s • postcore_field_authority 1.710s • accepted_run_attempt None
2026-09-23T11:06:39.979+01:00 PASS #27: Horde x5 • Run tap None -> Route 102 grid [130, 133]
2026-09-23T11:06:40.051+01:00 AUTO SWEET SCENT RE-ARM: waiting 1.00 s after prior Horde field return before touchscreen route
2026-09-23T11:06:41.110+01:00 AUTO SWEET SCENT RE-ARM: PASS — battle inactive and anchor grid [130, 133] retained
2026-09-23T11:06:41.113+01:00 AUTO SWEET SCENT D25 TOUCH ROUTE: green Poké Ball (60,230) -> silver visible-slot-4 field icon (279, 119) -> Sweet Scent (170,104)
2026-09-23T11:06:41.381+01:00 AUTO SWEET SCENT TOUCH: GREEN_POKEBALL_PARTY xy=(60,230) touch_state=0x01F542FF completed=True
2026-09-23T11:06:43.428+01:00 AUTO SWEET SCENT TOUCH: SLOT4_SILVER_FIELD_ACTION xy=(279,119) touch_state=0x017EEDF2 completed=True
2026-09-23T11:06:44.476+01:00 AUTO SWEET SCENT TOUCH: SWEET_SCENT xy=(170,104) touch_state=0x016EE87F completed=True
2026-09-23T11:06:51.850+01:00 AUTO SWEET SCENT: battle active — Horde boundary acquired
2026-09-23T11:06:54.793+01:00 HORDE LEAD RAM REFRESH: Staryu moves=[55, 145, 129, 61] PP=[21, 30, 20, 20] source=RUNTIME_POINTER_CHAIN
2026-09-23T11:06:54.847+01:00 PARTY LIVE ORDER: battle pointer table -> species [120, 265, 283, 261, 263, 252] order [0, 2, 3, 4, 5, 1]
2026-09-23T11:06:55.445+01:00 #28 HORDE x5 [AUTO SWEET SCENT]: Seedot, Seedot, Seedot, Seedot, Seedot
2026-09-23T11:06:55.446+01:00   slot0 Seedot PID 0x747E390C XOR 36523 shiny=False
2026-09-23T11:06:55.446+01:00   slot1 Seedot PID 0xF59A3083 XOR 1728 shiny=False
2026-09-23T11:06:55.514+01:00   slot2 Seedot PID 0xB4458E62 XOR 63998 shiny=False
2026-09-23T11:06:55.551+01:00   slot3 Seedot PID 0xD9C84663 XOR 23666 shiny=False
2026-09-23T11:06:55.571+01:00   slot4 Seedot PID 0x8F12DD39 XOR 37362 shiny=False
2026-09-23T11:06:57.890+01:00 LAST SEEN FEED: emitted 5 Horde/wild payload(s) to Recent encounters (shiny=0)
2026-09-23T11:06:57.933+01:00 HORDE AUTHORITY COMMITTED: +5 Pokémon seen before escape
2026-09-23T11:07:08.855+01:00 PARTY LIVE ORDER D25: source=RUNTIME_POINTER_CHAIN species=[120, 252, 265, 283, 261, 263]
2026-09-23T11:07:08.857+01:00 TIMING #28: field->encounter 11.872s • battle+return 17.005s • cycle 28.877s
2026-09-23T11:07:08.859+01:00 HF97 PHASE #28: boundary_wait 2.578s • pre_run_processing 3.496s • run_to_core_field 9.047s • postcore_field_authority 1.876s • accepted_run_attempt 18
2026-09-23T11:07:09.049+01:00 PASS #28: Horde x5 • Run tap 18 -> Route 102 grid [130, 133]
2026-09-23T11:07:09.119+01:00 AUTO SWEET SCENT RE-ARM: waiting 1.00 s after prior Horde field return before touchscreen route
2026-09-23T11:07:10.185+01:00 AUTO SWEET SCENT RE-ARM: PASS — battle inactive and anchor grid [130, 133] retained
2026-09-23T11:07:10.186+01:00 AUTO SWEET SCENT D25 TOUCH ROUTE: green Poké Ball (60,230) -> silver visible-slot-4 field icon (279, 119) -> Sweet Scent (170,104)
2026-09-23T11:07:10.459+01:00 AUTO SWEET SCENT TOUCH: GREEN_POKEBALL_PARTY xy=(60,230) touch_state=0x01F542FF completed=True
2026-09-23T11:07:12.510+01:00 AUTO SWEET SCENT TOUCH: SLOT4_SILVER_FIELD_ACTION xy=(279,119) touch_state=0x017EEDF2 completed=True
2026-09-23T11:07:13.549+01:00 AUTO SWEET SCENT TOUCH: SWEET_SCENT xy=(170,104) touch_state=0x016EE87F completed=True
2026-09-23T11:07:20.843+01:00 AUTO SWEET SCENT: battle active — Horde boundary acquired
2026-09-23T11:07:23.681+01:00 HORDE LEAD RAM REFRESH: Staryu moves=[55, 145, 129, 61] PP=[21, 30, 20, 20] source=RUNTIME_POINTER_CHAIN
2026-09-23T11:07:23.683+01:00 PARTY LIVE ORDER: battle pointer table -> species [120, 265, 283, 261, 263, 252] order [0, 2, 3, 4, 5, 1]
2026-09-23T11:07:23.742+01:00 #29 HORDE x5 [AUTO SWEET SCENT]: Zigzagoon, Zigzagoon, Zigzagoon, Zigzagoon, Zigzagoon
2026-09-23T11:07:23.743+01:00   slot0 Zigzagoon PID 0xC2F9AE5A XOR 44922 shiny=False
2026-09-23T11:07:23.743+01:00   slot1 Zigzagoon PID 0x99E29BC6 XOR 49661 shiny=False
2026-09-23T11:07:23.744+01:00   slot2 Zigzagoon PID 0xD2B1A216 XOR 45950 shiny=False
2026-09-23T11:07:23.745+01:00   slot3 Zigzagoon PID 0xEC665C90 XOR 29487 shiny=False
2026-09-23T11:07:23.748+01:00   slot4 Zigzagoon PID 0xC0D77E2F XOR 32033 shiny=False
2026-09-23T11:07:23.935+01:00 LAST SEEN FEED: emitted 5 Horde/wild payload(s) to Recent encounters (shiny=0)
2026-09-23T11:07:23.947+01:00 HORDE AUTHORITY COMMITTED: +5 Pokémon seen before escape
2026-09-23T11:07:36.864+01:00 RUN RECOVERY EXTENSION: battle still active after 24 causal Run taps; allowing up to 24 additional bounded Run taps (48 total)
2026-09-23T11:07:38.679+01:00 PARTY LIVE ORDER D25: source=RUNTIME_POINTER_CHAIN species=[120, 252, 265, 283, 261, 263]
2026-09-23T11:07:38.682+01:00 TIMING #29: field->encounter 11.794s • battle+return 17.838s • cycle 29.632s
2026-09-23T11:07:38.684+01:00 HF97 PHASE #29: boundary_wait 2.611s • pre_run_processing 0.486s • run_to_core_field 13.015s • postcore_field_authority 1.719s • accepted_run_attempt None
2026-09-23T11:07:38.874+01:00 PASS #29: Horde x5 • Run tap None -> Route 102 grid [130, 133]
2026-09-23T11:07:38.954+01:00 AUTO SWEET SCENT RE-ARM: waiting 1.00 s after prior Horde field return before touchscreen route
2026-09-23T11:07:40.015+01:00 AUTO SWEET SCENT RE-ARM: PASS — battle inactive and anchor grid [130, 133] retained
2026-09-23T11:07:40.017+01:00 AUTO SWEET SCENT D25 TOUCH ROUTE: green Poké Ball (60,230) -> silver visible-slot-4 field icon (279, 119) -> Sweet Scent (170,104)
2026-09-23T11:07:40.293+01:00 AUTO SWEET SCENT TOUCH: GREEN_POKEBALL_PARTY xy=(60,230) touch_state=0x01F542FF completed=True
2026-09-23T11:07:42.316+01:00 AUTO SWEET SCENT TOUCH: SLOT4_SILVER_FIELD_ACTION xy=(279,119) touch_state=0x017EEDF2 completed=True
2026-09-23T11:07:43.341+01:00 AUTO SWEET SCENT TOUCH: SWEET_SCENT xy=(170,104) touch_state=0x016EE87F completed=True
2026-09-23T11:07:50.561+01:00 AUTO SWEET SCENT: battle active — Horde boundary acquired
2026-09-23T11:07:53.453+01:00 HORDE LEAD RAM REFRESH: Staryu moves=[55, 145, 129, 61] PP=[21, 30, 20, 20] source=RUNTIME_POINTER_CHAIN
2026-09-23T11:07:53.456+01:00 PARTY LIVE ORDER: battle pointer table -> species [120, 265, 283, 261, 263, 252] order [0, 2, 3, 4, 5, 1]
2026-09-23T11:07:53.506+01:00 #30 HORDE x5 [AUTO SWEET SCENT]: Seedot, Seedot, Seedot, Seedot, Seedot
2026-09-23T11:07:53.507+01:00   slot0 Seedot PID 0x152144CB XOR 37427 shiny=False
2026-09-23T11:07:53.508+01:00   slot1 Seedot PID 0x6C85CA1B XOR 25927 shiny=False
2026-09-23T11:07:53.509+01:00   slot2 Seedot PID 0xF960A434 XOR 40589 shiny=False
2026-09-23T11:07:53.510+01:00   slot3 Seedot PID 0xF0910AF0 XOR 14776 shiny=False
2026-09-23T11:07:53.513+01:00   slot4 Seedot PID 0xAFF048C0 XOR 9449 shiny=False
2026-09-23T11:07:53.698+01:00 LAST SEEN FEED: emitted 5 Horde/wild payload(s) to Recent encounters (shiny=0)
2026-09-23T11:07:53.708+01:00 HORDE AUTHORITY COMMITTED: +5 Pokémon seen before escape
2026-09-23T11:08:07.545+01:00 PARTY LIVE ORDER D25: source=RUNTIME_POINTER_CHAIN species=[120, 252, 265, 283, 261, 263]
2026-09-23T11:08:07.549+01:00 TIMING #30: field->encounter 11.669s • battle+return 16.986s • cycle 28.655s
2026-09-23T11:08:07.550+01:00 HF97 PHASE #30: boundary_wait 2.679s • pre_run_processing 0.459s • run_to_core_field 11.987s • postcore_field_authority 1.851s • accepted_run_attempt 24
2026-09-23T11:08:07.733+01:00 PASS #30: Horde x5 • Run tap 24 -> Route 102 grid [130, 133]
2026-09-23T11:08:07.826+01:00 AUTO SWEET SCENT RE-ARM: waiting 1.00 s after prior Horde field return before touchscreen route
2026-09-23T11:08:08.885+01:00 AUTO SWEET SCENT RE-ARM: PASS — battle inactive and anchor grid [130, 133] retained
2026-09-23T11:08:08.889+01:00 AUTO SWEET SCENT D25 TOUCH ROUTE: green Poké Ball (60,230) -> silver visible-slot-4 field icon (279, 119) -> Sweet Scent (170,104)
2026-09-23T11:08:09.167+01:00 AUTO SWEET SCENT TOUCH: GREEN_POKEBALL_PARTY xy=(60,230) touch_state=0x01F542FF completed=True
2026-09-23T11:08:11.190+01:00 AUTO SWEET SCENT TOUCH: SLOT4_SILVER_FIELD_ACTION xy=(279,119) touch_state=0x017EEDF2 completed=True
2026-09-23T11:08:12.220+01:00 AUTO SWEET SCENT TOUCH: SWEET_SCENT xy=(170,104) touch_state=0x016EE87F completed=True
2026-09-23T11:08:19.443+01:00 AUTO SWEET SCENT: battle active — Horde boundary acquired
2026-09-23T11:08:22.405+01:00 HORDE LEAD RAM REFRESH: Staryu moves=[55, 145, 129, 61] PP=[21, 30, 20, 20] source=RUNTIME_POINTER_CHAIN
2026-09-23T11:08:22.407+01:00 PARTY LIVE ORDER: battle pointer table -> species [120, 265, 283, 261, 263, 252] order [0, 2, 3, 4, 5, 1]
2026-09-23T11:08:22.475+01:00 #31 HORDE x5 [AUTO SWEET SCENT]: Zigzagoon, Zigzagoon, Zigzagoon, Zigzagoon, Zigzagoon
2026-09-23T11:08:22.481+01:00   slot0 Zigzagoon PID 0xAC673222 XOR 23964 shiny=False
2026-09-23T11:08:22.482+01:00   slot1 Zigzagoon PID 0xE6F4EFB4 XOR 51865 shiny=False
2026-09-23T11:08:22.483+01:00   slot2 Zigzagoon PID 0x393B04D5 XOR 65079 shiny=False
2026-09-23T11:08:22.484+01:00   slot3 Zigzagoon PID 0x6E5A9B8B XOR 13832 shiny=False
2026-09-23T11:08:22.486+01:00   slot4 Zigzagoon PID 0x50BA2700 XOR 46179 shiny=False
2026-09-23T11:08:23.066+01:00 LAST SEEN FEED: emitted 5 Horde/wild payload(s) to Recent encounters (shiny=0)
2026-09-23T11:08:23.078+01:00 HORDE AUTHORITY COMMITTED: +5 Pokémon seen before escape
2026-09-23T11:08:37.493+01:00 PARTY LIVE ORDER D25: source=RUNTIME_POINTER_CHAIN species=[120, 252, 265, 283, 261, 263]
2026-09-23T11:08:37.494+01:00 TIMING #31: field->encounter 11.708s • battle+return 18.050s • cycle 29.758s
2026-09-23T11:08:37.495+01:00 HF97 PHASE #31: boundary_wait 2.736s • pre_run_processing 0.884s • run_to_core_field 12.426s • postcore_field_authority 1.989s • accepted_run_attempt 24
2026-09-23T11:08:37.764+01:00 PASS #31: Horde x5 • Run tap 24 -> Route 102 grid [130, 133]
2026-09-23T11:08:37.846+01:00 AUTO SWEET SCENT RE-ARM: waiting 1.00 s after prior Horde field return before touchscreen route
2026-09-23T11:08:38.904+01:00 AUTO SWEET SCENT RE-ARM: PASS — battle inactive and anchor grid [130, 133] retained
2026-09-23T11:08:38.906+01:00 AUTO SWEET SCENT D25 TOUCH ROUTE: green Poké Ball (60,230) -> silver visible-slot-4 field icon (279, 119) -> Sweet Scent (170,104)
2026-09-23T11:08:39.183+01:00 AUTO SWEET SCENT TOUCH: GREEN_POKEBALL_PARTY xy=(60,230) touch_state=0x01F542FF completed=True
2026-09-23T11:08:41.231+01:00 AUTO SWEET SCENT TOUCH: SLOT4_SILVER_FIELD_ACTION xy=(279,119) touch_state=0x017EEDF2 completed=True
2026-09-23T11:08:42.270+01:00 AUTO SWEET SCENT TOUCH: SWEET_SCENT xy=(170,104) touch_state=0x016EE87F completed=True
2026-09-23T11:08:49.452+01:00 AUTO SWEET SCENT: battle active — Horde boundary acquired
2026-09-23T11:08:52.406+01:00 HORDE LEAD RAM REFRESH: Staryu moves=[55, 145, 129, 61] PP=[21, 30, 20, 20] source=RUNTIME_POINTER_CHAIN
2026-09-23T11:08:52.408+01:00 PARTY LIVE ORDER: battle pointer table -> species [120, 265, 283, 261, 263, 252] order [0, 2, 3, 4, 5, 1]
2026-09-23T11:08:52.529+01:00 #32 HORDE x5 [AUTO SWEET SCENT]: Ralts, Ralts, Ralts, Ralts, Ralts
2026-09-23T11:08:52.586+01:00   slot0 Ralts PID 0x27267C13 XOR 39148 shiny=False
2026-09-23T11:08:52.587+01:00   slot1 Ralts PID 0xA7C866CC XOR 733 shiny=False
2026-09-23T11:08:52.592+01:00   slot2 Ralts PID 0x35BDBB54 XOR 19760 shiny=False
2026-09-23T11:08:52.593+01:00   slot3 Ralts PID 0x206D41A3 XOR 41495 shiny=False
2026-09-23T11:08:52.605+01:00   slot4 Ralts PID 0xB9439A26 XOR 57532 shiny=False
2026-09-23T11:08:54.062+01:00 LAST SEEN FEED: emitted 5 Horde/wild payload(s) to Recent encounters (shiny=0)
2026-09-23T11:08:54.071+01:00 HORDE AUTHORITY COMMITTED: +5 Pokémon seen before escape
2026-09-23T11:09:06.979+01:00 RUN RECOVERY EXTENSION: battle still active after 24 causal Run taps; allowing up to 24 additional bounded Run taps (48 total)
2026-09-23T11:09:17.985+01:00 PARTY LIVE ORDER D25: source=RUNTIME_POINTER_CHAIN species=[120, 252, 265, 283, 261, 263]
2026-09-23T11:09:17.991+01:00 TIMING #32: field->encounter 11.688s • battle+return 28.532s • cycle 40.220s
2026-09-23T11:09:17.997+01:00 HF97 PHASE #32: boundary_wait 2.689s • pre_run_processing 1.906s • run_to_core_field 21.327s • postcore_field_authority 2.584s • accepted_run_attempt None
2026-09-23T11:09:19.163+01:00 PASS #32: Horde x5 • Run tap None -> Route 102 grid [130, 133]
2026-09-23T11:09:19.303+01:00 AUTO SWEET SCENT RE-ARM: waiting 1.00 s after prior Horde field return before touchscreen route
2026-09-23T11:09:20.378+01:00 AUTO SWEET SCENT RE-ARM: PASS — battle inactive and anchor grid [130, 133] retained
2026-09-23T11:09:20.381+01:00 AUTO SWEET SCENT D25 TOUCH ROUTE: green Poké Ball (60,230) -> silver visible-slot-4 field icon (279, 119) -> Sweet Scent (170,104)
2026-09-23T11:09:20.709+01:00 AUTO SWEET SCENT TOUCH: GREEN_POKEBALL_PARTY xy=(60,230) touch_state=0x01F542FF completed=True
2026-09-23T11:09:22.740+01:00 AUTO SWEET SCENT TOUCH: SLOT4_SILVER_FIELD_ACTION xy=(279,119) touch_state=0x017EEDF2 completed=True
2026-09-23T11:09:23.762+01:00 AUTO SWEET SCENT TOUCH: SWEET_SCENT xy=(170,104) touch_state=0x016EE87F completed=True
2026-09-23T11:09:31.022+01:00 AUTO SWEET SCENT: battle active — Horde boundary acquired
2026-09-23T11:09:33.886+01:00 HORDE LEAD RAM REFRESH: Staryu moves=[55, 145, 129, 61] PP=[21, 30, 20, 20] source=RUNTIME_POINTER_CHAIN
2026-09-23T11:09:33.887+01:00 PARTY LIVE ORDER: battle pointer table -> species [120, 265, 283, 261, 263, 252] order [0, 2, 3, 4, 5, 1]
2026-09-23T11:09:33.937+01:00 #33 HORDE x5 [AUTO SWEET SCENT]: Zigzagoon, Zigzagoon, Zigzagoon, Zigzagoon, Zigzagoon
2026-09-23T11:09:33.938+01:00   slot0 Zigzagoon PID 0x95076DAE XOR 15216 shiny=False
2026-09-23T11:09:33.939+01:00   slot1 Zigzagoon PID 0x56E48C8B XOR 6582 shiny=False
2026-09-23T11:09:33.941+01:00   slot2 Zigzagoon PID 0xEEAF14B2 XOR 14788 shiny=False
2026-09-23T11:09:33.945+01:00   slot3 Zigzagoon PID 0x303ACCD7 XOR 16180 shiny=False
2026-09-23T11:09:33.949+01:00   slot4 Zigzagoon PID 0xDBCAEC6E XOR 62589 shiny=False
2026-09-23T11:09:34.148+01:00 LAST SEEN FEED: emitted 5 Horde/wild payload(s) to Recent encounters (shiny=0)
2026-09-23T11:09:34.174+01:00 HORDE AUTHORITY COMMITTED: +5 Pokémon seen before escape
2026-09-23T11:09:47.195+01:00 RUN RECOVERY EXTENSION: battle still active after 24 causal Run taps; allowing up to 24 additional bounded Run taps (48 total)
2026-09-23T11:09:48.993+01:00 PARTY LIVE ORDER D25: source=RUNTIME_POINTER_CHAIN species=[120, 252, 265, 283, 261, 263]
2026-09-23T11:09:48.994+01:00 TIMING #33: field->encounter 11.859s • battle+return 17.970s • cycle 29.830s
2026-09-23T11:09:48.995+01:00 HF97 PHASE #33: boundary_wait 2.638s • pre_run_processing 0.506s • run_to_core_field 13.116s • postcore_field_authority 1.703s • accepted_run_attempt None
2026-09-23T11:09:49.154+01:00 PASS #33: Horde x5 • Run tap None -> Route 102 grid [130, 133]
2026-09-23T11:09:49.271+01:00 AUTO SWEET SCENT RE-ARM: waiting 1.00 s after prior Horde field return before touchscreen route
2026-09-23T11:09:50.330+01:00 AUTO SWEET SCENT RE-ARM: PASS — battle inactive and anchor grid [130, 133] retained
2026-09-23T11:09:50.332+01:00 AUTO SWEET SCENT D25 TOUCH ROUTE: green Poké Ball (60,230) -> silver visible-slot-4 field icon (279, 119) -> Sweet Scent (170,104)
2026-09-23T11:09:50.607+01:00 AUTO SWEET SCENT TOUCH: GREEN_POKEBALL_PARTY xy=(60,230) touch_state=0x01F542FF completed=True
2026-09-23T11:09:52.631+01:00 AUTO SWEET SCENT TOUCH: SLOT4_SILVER_FIELD_ACTION xy=(279,119) touch_state=0x017EEDF2 completed=True
2026-09-23T11:09:53.659+01:00 AUTO SWEET SCENT TOUCH: SWEET_SCENT xy=(170,104) touch_state=0x016EE87F completed=True
2026-09-23T11:10:00.877+01:00 AUTO SWEET SCENT: battle active — Horde boundary acquired
2026-09-23T11:10:03.808+01:00 HORDE LEAD RAM REFRESH: Staryu moves=[55, 145, 129, 61] PP=[21, 30, 20, 20] source=RUNTIME_POINTER_CHAIN
2026-09-23T11:10:03.809+01:00 PARTY LIVE ORDER: battle pointer table -> species [120, 265, 283, 261, 263, 252] order [0, 2, 3, 4, 5, 1]
2026-09-23T11:10:03.865+01:00 #34 HORDE x5 [AUTO SWEET SCENT]: Zigzagoon, Zigzagoon, Zigzagoon, Zigzagoon, Zigzagoon
2026-09-23T11:10:03.866+01:00   slot0 Zigzagoon PID 0xE19A2EF5 XOR 3254 shiny=False
2026-09-23T11:10:03.867+01:00   slot1 Zigzagoon PID 0x8A84350B XOR 31830 shiny=False
2026-09-23T11:10:03.870+01:00   slot2 Zigzagoon PID 0xE71821F7 XOR 1334 shiny=False
2026-09-23T11:10:03.871+01:00   slot3 Zigzagoon PID 0xE9DB9B1B XOR 45337 shiny=False
2026-09-23T11:10:03.872+01:00   slot4 Zigzagoon PID 0xD25BE1CF XOR 61517 shiny=False
2026-09-23T11:10:04.023+01:00 LAST SEEN FEED: emitted 5 Horde/wild payload(s) to Recent encounters (shiny=0)
2026-09-23T11:10:04.058+01:00 HORDE AUTHORITY COMMITTED: +5 Pokémon seen before escape
2026-09-23T11:10:16.901+01:00 RUN RECOVERY EXTENSION: battle still active after 24 causal Run taps; allowing up to 24 additional bounded Run taps (48 total)
2026-09-23T11:10:19.261+01:00 PARTY LIVE ORDER D25: source=RUNTIME_POINTER_CHAIN species=[120, 252, 265, 283, 261, 263]
2026-09-23T11:10:19.262+01:00 TIMING #34: field->encounter 11.719s • battle+return 18.383s • cycle 30.103s
2026-09-23T11:10:19.264+01:00 HF97 PHASE #34: boundary_wait 2.714s • pre_run_processing 0.455s • run_to_core_field 13.101s • postcore_field_authority 2.102s • accepted_run_attempt 25
2026-09-23T11:10:19.437+01:00 PASS #34: Horde x5 • Run tap 25 -> Route 102 grid [130, 133]
2026-09-23T11:10:19.528+01:00 AUTO SWEET SCENT RE-ARM: waiting 1.00 s after prior Horde field return before touchscreen route
2026-09-23T11:10:20.594+01:00 AUTO SWEET SCENT RE-ARM: PASS — battle inactive and anchor grid [130, 133] retained
2026-09-23T11:10:20.596+01:00 AUTO SWEET SCENT D25 TOUCH ROUTE: green Poké Ball (60,230) -> silver visible-slot-4 field icon (279, 119) -> Sweet Scent (170,104)
2026-09-23T11:10:20.867+01:00 AUTO SWEET SCENT TOUCH: GREEN_POKEBALL_PARTY xy=(60,230) touch_state=0x01F542FF completed=True
2026-09-23T11:10:22.890+01:00 AUTO SWEET SCENT TOUCH: SLOT4_SILVER_FIELD_ACTION xy=(279,119) touch_state=0x017EEDF2 completed=True
2026-09-23T11:10:23.913+01:00 AUTO SWEET SCENT TOUCH: SWEET_SCENT xy=(170,104) touch_state=0x016EE87F completed=True
2026-09-23T11:10:31.152+01:00 AUTO SWEET SCENT: battle active — Horde boundary acquired
2026-09-23T11:10:34.058+01:00 HORDE LEAD RAM REFRESH: Staryu moves=[55, 145, 129, 61] PP=[21, 30, 20, 20] source=RUNTIME_POINTER_CHAIN
2026-09-23T11:10:34.061+01:00 PARTY LIVE ORDER: battle pointer table -> species [120, 265, 283, 261, 263, 252] order [0, 2, 3, 4, 5, 1]
2026-09-23T11:10:34.122+01:00 #35 HORDE x5 [AUTO SWEET SCENT]: Seedot, Seedot, Seedot, Seedot, Seedot
2026-09-23T11:10:34.123+01:00   slot0 Seedot PID 0xB6725B59 XOR 12018 shiny=False
2026-09-23T11:10:34.128+01:00   slot1 Seedot PID 0x2F2A7F50 XOR 37795 shiny=False
2026-09-23T11:10:34.129+01:00   slot2 Seedot PID 0x48F025EF XOR 44742 shiny=False
2026-09-23T11:10:34.130+01:00   slot3 Seedot PID 0x7C48ABE7 XOR 5238 shiny=False
2026-09-23T11:10:34.131+01:00   slot4 Seedot PID 0xB54A6006 XOR 5781 shiny=False
2026-09-23T11:10:34.312+01:00 LAST SEEN FEED: emitted 5 Horde/wild payload(s) to Recent encounters (shiny=0)
2026-09-23T11:10:34.327+01:00 HORDE AUTHORITY COMMITTED: +5 Pokémon seen before escape
2026-09-23T11:10:48.148+01:00 PARTY LIVE ORDER D25: source=RUNTIME_POINTER_CHAIN species=[120, 252, 265, 283, 261, 263]
2026-09-23T11:10:48.150+01:00 TIMING #35: field->encounter 11.712s • battle+return 16.997s • cycle 28.708s
2026-09-23T11:10:48.151+01:00 HF97 PHASE #35: boundary_wait 2.660s • pre_run_processing 0.508s • run_to_core_field 11.943s • postcore_field_authority 1.879s • accepted_run_attempt 24
2026-09-23T11:10:48.289+01:00 PASS #35: Horde x5 • Run tap 24 -> Route 102 grid [130, 133]
2026-09-23T11:10:48.387+01:00 AUTO SWEET SCENT RE-ARM: waiting 1.00 s after prior Horde field return before touchscreen route
2026-09-23T11:10:49.451+01:00 AUTO SWEET SCENT RE-ARM: PASS — battle inactive and anchor grid [130, 133] retained
2026-09-23T11:10:49.454+01:00 AUTO SWEET SCENT D25 TOUCH ROUTE: green Poké Ball (60,230) -> silver visible-slot-4 field icon (279, 119) -> Sweet Scent (170,104)
2026-09-23T11:10:49.736+01:00 AUTO SWEET SCENT TOUCH: GREEN_POKEBALL_PARTY xy=(60,230) touch_state=0x01F542FF completed=True
2026-09-23T11:10:51.761+01:00 AUTO SWEET SCENT TOUCH: SLOT4_SILVER_FIELD_ACTION xy=(279,119) touch_state=0x017EEDF2 completed=True
2026-09-23T11:10:52.787+01:00 AUTO SWEET SCENT TOUCH: SWEET_SCENT xy=(170,104) touch_state=0x016EE87F completed=True
2026-09-23T11:11:00.008+01:00 AUTO SWEET SCENT: battle active — Horde boundary acquired
2026-09-23T11:11:02.936+01:00 HORDE LEAD RAM REFRESH: Staryu moves=[55, 145, 129, 61] PP=[21, 30, 20, 20] source=RUNTIME_POINTER_CHAIN
2026-09-23T11:11:02.937+01:00 PARTY LIVE ORDER: battle pointer table -> species [120, 265, 283, 261, 263, 252] order [0, 2, 3, 4, 5, 1]
2026-09-23T11:11:03.011+01:00 #36 HORDE x5 [AUTO SWEET SCENT]: Zigzagoon, Zigzagoon, Zigzagoon, Zigzagoon, Zigzagoon
2026-09-23T11:11:03.012+01:00   slot0 Zigzagoon PID 0xC0BCB07B XOR 45854 shiny=False
2026-09-23T11:11:03.013+01:00   slot1 Zigzagoon PID 0x3E47AF7C XOR 21218 shiny=False
2026-09-23T11:11:03.014+01:00   slot2 Zigzagoon PID 0x41B47ADC XOR 63665 shiny=False
2026-09-23T11:11:03.015+01:00   slot3 Zigzagoon PID 0x124B02AD XOR 54079 shiny=False
2026-09-23T11:11:03.015+01:00   slot4 Zigzagoon PID 0x2BF8BC6B XOR 21578 shiny=False
2026-09-23T11:11:03.171+01:00 LAST SEEN FEED: emitted 5 Horde/wild payload(s) to Recent encounters (shiny=0)
2026-09-23T11:11:03.227+01:00 HORDE AUTHORITY COMMITTED: +5 Pokémon seen before escape
2026-09-23T11:11:16.028+01:00 RUN RECOVERY EXTENSION: battle still active after 24 causal Run taps; allowing up to 24 additional bounded Run taps (48 total)
2026-09-23T11:11:18.205+01:00 PARTY LIVE ORDER D25: source=RUNTIME_POINTER_CHAIN species=[120, 252, 265, 283, 261, 263]
2026-09-23T11:11:18.208+01:00 TIMING #36: field->encounter 11.718s • battle+return 18.199s • cycle 29.917s
2026-09-23T11:11:18.209+01:00 HF97 PHASE #36: boundary_wait 2.699s • pre_run_processing 0.514s • run_to_core_field 13.090s • postcore_field_authority 1.889s • accepted_run_attempt 25
2026-09-23T11:11:18.387+01:00 PASS #36: Horde x5 • Run tap 25 -> Route 102 grid [130, 133]
2026-09-23T11:11:18.485+01:00 AUTO SWEET SCENT RE-ARM: waiting 1.00 s after prior Horde field return before touchscreen route
2026-09-23T11:11:19.545+01:00 AUTO SWEET SCENT RE-ARM: PASS — battle inactive and anchor grid [130, 133] retained
2026-09-23T11:11:19.547+01:00 AUTO SWEET SCENT D25 TOUCH ROUTE: green Poké Ball (60,230) -> silver visible-slot-4 field icon (279, 119) -> Sweet Scent (170,104)
2026-09-23T11:11:19.818+01:00 AUTO SWEET SCENT TOUCH: GREEN_POKEBALL_PARTY xy=(60,230) touch_state=0x01F542FF completed=True
2026-09-23T11:11:21.845+01:00 AUTO SWEET SCENT TOUCH: SLOT4_SILVER_FIELD_ACTION xy=(279,119) touch_state=0x017EEDF2 completed=True
2026-09-23T11:11:22.875+01:00 AUTO SWEET SCENT TOUCH: SWEET_SCENT xy=(170,104) touch_state=0x016EE87F completed=True
2026-09-23T11:11:30.088+01:00 AUTO SWEET SCENT: battle active — Horde boundary acquired
2026-09-23T11:11:33.013+01:00 HORDE LEAD RAM REFRESH: Staryu moves=[55, 145, 129, 61] PP=[21, 30, 20, 20] source=RUNTIME_POINTER_CHAIN
2026-09-23T11:11:33.018+01:00 PARTY LIVE ORDER: battle pointer table -> species [120, 265, 283, 261, 263, 252] order [0, 2, 3, 4, 5, 1]
2026-09-23T11:11:33.088+01:00 #37 HORDE x5 [AUTO SWEET SCENT]: Seedot, Seedot, Seedot, Seedot, Seedot
2026-09-23T11:11:33.089+01:00   slot0 Seedot PID 0xB1DE3607 XOR 17408 shiny=False
2026-09-23T11:11:33.090+01:00   slot1 Seedot PID 0x357A55D0 XOR 41843 shiny=False
2026-09-23T11:11:33.091+01:00   slot2 Seedot PID 0x346CFEF8 XOR 2381 shiny=False
2026-09-23T11:11:33.093+01:00   slot3 Seedot PID 0xADE2D046 XOR 48765 shiny=False
2026-09-23T11:11:33.094+01:00   slot4 Seedot PID 0xED4F6AF1 XOR 17511 shiny=False
2026-09-23T11:11:33.259+01:00 LAST SEEN FEED: emitted 5 Horde/wild payload(s) to Recent encounters (shiny=0)
2026-09-23T11:11:33.276+01:00 HORDE AUTHORITY COMMITTED: +5 Pokémon seen before escape
2026-09-23T11:11:47.184+01:00 PARTY LIVE ORDER D25: source=RUNTIME_POINTER_CHAIN species=[120, 252, 265, 283, 261, 263]
2026-09-23T11:11:47.188+01:00 TIMING #37: field->encounter 11.700s • battle+return 17.099s • cycle 28.799s
2026-09-23T11:11:47.189+01:00 HF97 PHASE #37: boundary_wait 2.714s • pre_run_processing 0.467s • run_to_core_field 12.013s • postcore_field_authority 1.898s • accepted_run_attempt 24
2026-09-23T11:11:47.374+01:00 PASS #37: Horde x5 • Run tap 24 -> Route 102 grid [130, 133]
2026-09-23T11:11:47.462+01:00 AUTO SWEET SCENT RE-ARM: waiting 1.00 s after prior Horde field return before touchscreen route
2026-09-23T11:11:48.523+01:00 AUTO SWEET SCENT RE-ARM: PASS — battle inactive and anchor grid [130, 133] retained
2026-09-23T11:11:48.525+01:00 AUTO SWEET SCENT D25 TOUCH ROUTE: green Poké Ball (60,230) -> silver visible-slot-4 field icon (279, 119) -> Sweet Scent (170,104)
2026-09-23T11:11:48.799+01:00 AUTO SWEET SCENT TOUCH: GREEN_POKEBALL_PARTY xy=(60,230) touch_state=0x01F542FF completed=True
2026-09-23T11:11:50.826+01:00 AUTO SWEET SCENT TOUCH: SLOT4_SILVER_FIELD_ACTION xy=(279,119) touch_state=0x017EEDF2 completed=True
2026-09-23T11:11:51.853+01:00 AUTO SWEET SCENT TOUCH: SWEET_SCENT xy=(170,104) touch_state=0x016EE87F completed=True
2026-09-23T11:11:59.072+01:00 AUTO SWEET SCENT: battle active — Horde boundary acquired
2026-09-23T11:12:02.000+01:00 HORDE LEAD RAM REFRESH: Staryu moves=[55, 145, 129, 61] PP=[21, 30, 20, 20] source=RUNTIME_POINTER_CHAIN
2026-09-23T11:12:02.002+01:00 PARTY LIVE ORDER: battle pointer table -> species [120, 265, 283, 261, 263, 252] order [0, 2, 3, 4, 5, 1]
2026-09-23T11:12:02.082+01:00 #38 HORDE x5 [AUTO SWEET SCENT]: Zigzagoon, Zigzagoon, Zigzagoon, Zigzagoon, Zigzagoon
2026-09-23T11:12:02.083+01:00   slot0 Zigzagoon PID 0x73F805D0 XOR 46577 shiny=False
2026-09-23T11:12:02.084+01:00   slot1 Zigzagoon PID 0x81A340CF XOR 693 shiny=False
2026-09-23T11:12:02.085+01:00   slot2 Zigzagoon PID 0xB517EDB1 XOR 39807 shiny=False
2026-09-23T11:12:02.086+01:00   slot3 Zigzagoon PID 0x209A2950 XOR 51731 shiny=False
2026-09-23T11:12:02.087+01:00   slot4 Zigzagoon PID 0xF1924357 XOR 28956 shiny=False
2026-09-23T11:12:02.250+01:00 LAST SEEN FEED: emitted 5 Horde/wild payload(s) to Recent encounters (shiny=0)
2026-09-23T11:12:02.257+01:00 HORDE AUTHORITY COMMITTED: +5 Pokémon seen before escape
2026-09-23T11:12:14.974+01:00 RUN RECOVERY EXTENSION: battle still active after 24 causal Run taps; allowing up to 24 additional bounded Run taps (48 total)
2026-09-23T11:12:17.662+01:00 PARTY LIVE ORDER D25: source=RUNTIME_POINTER_CHAIN species=[120, 252, 265, 283, 261, 263]
2026-09-23T11:12:17.666+01:00 TIMING #38: field->encounter 11.698s • battle+return 18.591s • cycle 30.289s
2026-09-23T11:12:17.668+01:00 HF97 PHASE #38: boundary_wait 2.711s • pre_run_processing 0.467s • run_to_core_field 13.494s • postcore_field_authority 1.912s • accepted_run_attempt 26
2026-09-23T11:12:17.826+01:00 PASS #38: Horde x5 • Run tap 26 -> Route 102 grid [130, 133]
2026-09-23T11:12:17.914+01:00 AUTO SWEET SCENT RE-ARM: waiting 1.00 s after prior Horde field return before touchscreen route
2026-09-23T11:12:18.986+01:00 AUTO SWEET SCENT RE-ARM: PASS — battle inactive and anchor grid [130, 133] retained
2026-09-23T11:12:18.989+01:00 AUTO SWEET SCENT D25 TOUCH ROUTE: green Poké Ball (60,230) -> silver visible-slot-4 field icon (279, 119) -> Sweet Scent (170,104)
2026-09-23T11:12:19.263+01:00 AUTO SWEET SCENT TOUCH: GREEN_POKEBALL_PARTY xy=(60,230) touch_state=0x01F542FF completed=True
2026-09-23T11:12:21.287+01:00 AUTO SWEET SCENT TOUCH: SLOT4_SILVER_FIELD_ACTION xy=(279,119) touch_state=0x017EEDF2 completed=True
2026-09-23T11:12:22.318+01:00 AUTO SWEET SCENT TOUCH: SWEET_SCENT xy=(170,104) touch_state=0x016EE87F completed=True
2026-09-23T11:12:29.515+01:00 AUTO SWEET SCENT: battle active — Horde boundary acquired
2026-09-23T11:12:32.410+01:00 HORDE LEAD RAM REFRESH: Staryu moves=[55, 145, 129, 61] PP=[21, 30, 20, 20] source=RUNTIME_POINTER_CHAIN
2026-09-23T11:12:32.424+01:00 PARTY LIVE ORDER: battle pointer table -> species [120, 265, 283, 261, 263, 252] order [0, 2, 3, 4, 5, 1]
2026-09-23T11:12:32.481+01:00 #39 HORDE x5 [AUTO SWEET SCENT]: Seedot, Seedot, Seedot, Seedot, Seedot
2026-09-23T11:12:32.483+01:00   slot0 Seedot PID 0xD495E2FE XOR 62898 shiny=False
2026-09-23T11:12:32.483+01:00   slot1 Seedot PID 0xBCC36F94 XOR 4238 shiny=False
2026-09-23T11:12:32.484+01:00   slot2 Seedot PID 0x4B149EDE XOR 5651 shiny=False
2026-09-23T11:12:32.488+01:00   slot3 Seedot PID 0xD45F820A XOR 38284 shiny=False
2026-09-23T11:12:32.489+01:00   slot4 Seedot PID 0x25FF96C2 XOR 28900 shiny=False
2026-09-23T11:12:32.629+01:00 LAST SEEN FEED: emitted 5 Horde/wild payload(s) to Recent encounters (shiny=0)
2026-09-23T11:12:32.665+01:00 HORDE AUTHORITY COMMITTED: +5 Pokémon seen before escape
2026-09-23T11:12:46.741+01:00 PARTY LIVE ORDER D25: source=RUNTIME_POINTER_CHAIN species=[120, 252, 265, 283, 261, 263]
2026-09-23T11:12:46.743+01:00 TIMING #39: field->encounter 11.689s • battle+return 17.227s • cycle 28.916s
2026-09-23T11:12:46.744+01:00 HF97 PHASE #39: boundary_wait 2.682s • pre_run_processing 0.461s • run_to_core_field 12.014s • postcore_field_authority 2.060s • accepted_run_attempt 24
2026-09-23T11:12:46.923+01:00 PASS #39: Horde x5 • Run tap 24 -> Route 102 grid [130, 133]
2026-09-23T11:12:47.008+01:00 AUTO SWEET SCENT RE-ARM: waiting 1.00 s after prior Horde field return before touchscreen route
2026-09-23T11:12:48.069+01:00 AUTO SWEET SCENT RE-ARM: PASS — battle inactive and anchor grid [130, 133] retained
2026-09-23T11:12:48.071+01:00 AUTO SWEET SCENT D25 TOUCH ROUTE: green Poké Ball (60,230) -> silver visible-slot-4 field icon (279, 119) -> Sweet Scent (170,104)
2026-09-23T11:12:48.350+01:00 AUTO SWEET SCENT TOUCH: GREEN_POKEBALL_PARTY xy=(60,230) touch_state=0x01F542FF completed=True
2026-09-23T11:12:50.375+01:00 AUTO SWEET SCENT TOUCH: SLOT4_SILVER_FIELD_ACTION xy=(279,119) touch_state=0x017EEDF2 completed=True
2026-09-23T11:12:51.398+01:00 AUTO SWEET SCENT TOUCH: SWEET_SCENT xy=(170,104) touch_state=0x016EE87F completed=True
2026-09-23T11:12:58.604+01:00 AUTO SWEET SCENT: battle active — Horde boundary acquired
2026-09-23T11:13:01.526+01:00 HORDE LEAD RAM REFRESH: Staryu moves=[55, 145, 129, 61] PP=[21, 30, 20, 20] source=RUNTIME_POINTER_CHAIN
2026-09-23T11:13:01.528+01:00 PARTY LIVE ORDER: battle pointer table -> species [120, 265, 283, 261, 263, 252] order [0, 2, 3, 4, 5, 1]
2026-09-23T11:13:01.581+01:00 #40 HORDE x5 [AUTO SWEET SCENT]: Zigzagoon, Zigzagoon, Zigzagoon, Zigzagoon, Zigzagoon
2026-09-23T11:13:01.582+01:00   slot0 Zigzagoon PID 0x64350316 XOR 42234 shiny=False
2026-09-23T11:13:01.583+01:00   slot1 Zigzagoon PID 0x26BA1483 XOR 61920 shiny=False
2026-09-23T11:13:01.585+01:00   slot2 Zigzagoon PID 0x77B53735 XOR 33625 shiny=False
2026-09-23T11:13:01.588+01:00   slot3 Zigzagoon PID 0x0C6D656F XOR 43739 shiny=False
2026-09-23T11:13:01.589+01:00   slot4 Zigzagoon PID 0x949D36D6 XOR 24978 shiny=False
2026-09-23T11:13:01.743+01:00 LAST SEEN FEED: emitted 5 Horde/wild payload(s) to Recent encounters (shiny=0)
2026-09-23T11:13:01.767+01:00 HORDE AUTHORITY COMMITTED: +5 Pokémon seen before escape
2026-09-23T11:13:14.571+01:00 RUN RECOVERY EXTENSION: battle still active after 24 causal Run taps; allowing up to 24 additional bounded Run taps (48 total)
2026-09-23T11:13:16.900+01:00 PARTY LIVE ORDER D25: source=RUNTIME_POINTER_CHAIN species=[120, 252, 265, 283, 261, 263]
2026-09-23T11:13:16.904+01:00 TIMING #40: field->encounter 11.680s • battle+return 18.296s • cycle 29.977s
2026-09-23T11:13:16.905+01:00 HF97 PHASE #40: boundary_wait 2.697s • pre_run_processing 0.451s • run_to_core_field 13.061s • postcore_field_authority 2.072s • accepted_run_attempt 25
2026-09-23T11:13:17.084+01:00 PASS #40: Horde x5 • Run tap 25 -> Route 102 grid [130, 133]
2026-09-23T11:13:17.170+01:00 AUTO SWEET SCENT RE-ARM: waiting 1.00 s after prior Horde field return before touchscreen route
2026-09-23T11:13:18.242+01:00 AUTO SWEET SCENT RE-ARM: PASS — battle inactive and anchor grid [130, 133] retained
2026-09-23T11:13:18.244+01:00 AUTO SWEET SCENT D25 TOUCH ROUTE: green Poké Ball (60,230) -> silver visible-slot-4 field icon (279, 119) -> Sweet Scent (170,104)
2026-09-23T11:13:18.523+01:00 AUTO SWEET SCENT TOUCH: GREEN_POKEBALL_PARTY xy=(60,230) touch_state=0x01F542FF completed=True
2026-09-23T11:13:20.549+01:00 AUTO SWEET SCENT TOUCH: SLOT4_SILVER_FIELD_ACTION xy=(279,119) touch_state=0x017EEDF2 completed=True
2026-09-23T11:13:21.578+01:00 AUTO SWEET SCENT TOUCH: SWEET_SCENT xy=(170,104) touch_state=0x016EE87F completed=True
2026-09-23T11:13:28.788+01:00 AUTO SWEET SCENT: battle active — Horde boundary acquired
2026-09-23T11:13:31.730+01:00 HORDE LEAD RAM REFRESH: Staryu moves=[55, 145, 129, 61] PP=[21, 30, 20, 20] source=RUNTIME_POINTER_CHAIN
2026-09-23T11:13:31.732+01:00 PARTY LIVE ORDER: battle pointer table -> species [120, 265, 283, 261, 263, 252] order [0, 2, 3, 4, 5, 1]
2026-09-23T11:13:31.787+01:00 #41 HORDE x5 [AUTO SWEET SCENT]: Seedot, Seedot, Seedot, Seedot, Seedot
2026-09-23T11:13:31.788+01:00   slot0 Seedot PID 0x15B06227 XOR 46158 shiny=False
2026-09-23T11:13:31.788+01:00   slot1 Seedot PID 0x9581A799 XOR 61889 shiny=False
2026-09-23T11:13:31.789+01:00   slot2 Seedot PID 0x27C80CDA XOR 59595 shiny=False
2026-09-23T11:13:31.790+01:00   slot3 Seedot PID 0xBA022F8A XOR 22097 shiny=False
2026-09-23T11:13:31.791+01:00   slot4 Seedot PID 0xE8069749 XOR 48278 shiny=False
2026-09-23T11:13:31.951+01:00 LAST SEEN FEED: emitted 5 Horde/wild payload(s) to Recent encounters (shiny=0)
2026-09-23T11:13:31.957+01:00 HORDE AUTHORITY COMMITTED: +5 Pokémon seen before escape
2026-09-23T11:13:45.872+01:00 PARTY LIVE ORDER D25: source=RUNTIME_POINTER_CHAIN species=[120, 252, 265, 283, 261, 263]
2026-09-23T11:13:45.875+01:00 TIMING #41: field->encounter 11.705s • battle+return 17.085s • cycle 28.790s
2026-09-23T11:13:45.876+01:00 HF97 PHASE #41: boundary_wait 2.723s • pre_run_processing 0.438s • run_to_core_field 12.044s • postcore_field_authority 1.873s • accepted_run_attempt 24
2026-09-23T11:13:46.049+01:00 PASS #41: Horde x5 • Run tap 24 -> Route 102 grid [130, 133]
2026-09-23T11:13:46.147+01:00 AUTO SWEET SCENT RE-ARM: waiting 1.00 s after prior Horde field return before touchscreen route
2026-09-23T11:13:47.204+01:00 AUTO SWEET SCENT RE-ARM: PASS — battle inactive and anchor grid [130, 133] retained
2026-09-23T11:13:47.206+01:00 AUTO SWEET SCENT D25 TOUCH ROUTE: green Poké Ball (60,230) -> silver visible-slot-4 field icon (279, 119) -> Sweet Scent (170,104)
2026-09-23T11:13:47.482+01:00 AUTO SWEET SCENT TOUCH: GREEN_POKEBALL_PARTY xy=(60,230) touch_state=0x01F542FF completed=True
2026-09-23T11:13:49.506+01:00 AUTO SWEET SCENT TOUCH: SLOT4_SILVER_FIELD_ACTION xy=(279,119) touch_state=0x017EEDF2 completed=True
2026-09-23T11:13:50.531+01:00 AUTO SWEET SCENT TOUCH: SWEET_SCENT xy=(170,104) touch_state=0x016EE87F completed=True
2026-09-23T11:13:57.722+01:00 AUTO SWEET SCENT: battle active — Horde boundary acquired
2026-09-23T11:14:00.764+01:00 HORDE LEAD RAM REFRESH: Staryu moves=[55, 145, 129, 61] PP=[21, 30, 20, 20] source=RUNTIME_POINTER_CHAIN
2026-09-23T11:14:00.766+01:00 PARTY LIVE ORDER: battle pointer table -> species [120, 265, 283, 261, 263, 252] order [0, 2, 3, 4, 5, 1]
2026-09-23T11:14:00.826+01:00 #42 HORDE x5 [AUTO SWEET SCENT]: Seedot, Seedot, Seedot, Seedot, Seedot
2026-09-23T11:14:00.827+01:00   slot0 Seedot PID 0x074D61BC XOR 42280 shiny=False
2026-09-23T11:14:00.828+01:00   slot1 Seedot PID 0xDA7CC1C7 XOR 55394 shiny=False
2026-09-23T11:14:00.828+01:00   slot2 Seedot PID 0x47A5C289 XOR 18165 shiny=False
2026-09-23T11:14:00.829+01:00   slot3 Seedot PID 0xA9A122EC XOR 18580 shiny=False
2026-09-23T11:14:00.830+01:00   slot4 Seedot PID 0xB558FF06 XOR 35207 shiny=False
2026-09-23T11:14:00.983+01:00 LAST SEEN FEED: emitted 5 Horde/wild payload(s) to Recent encounters (shiny=0)
2026-09-23T11:14:01.006+01:00 HORDE AUTHORITY COMMITTED: +5 Pokémon seen before escape
2026-09-23T11:14:15.055+01:00 PARTY LIVE ORDER D25: source=RUNTIME_POINTER_CHAIN species=[120, 252, 265, 283, 261, 263]
2026-09-23T11:14:15.059+01:00 TIMING #42: field->encounter 11.673s • battle+return 17.335s • cycle 29.008s
2026-09-23T11:14:15.060+01:00 HF97 PHASE #42: boundary_wait 2.813s • pre_run_processing 0.472s • run_to_core_field 11.969s • postcore_field_authority 2.072s • accepted_run_attempt 24
2026-09-23T11:14:15.215+01:00 PASS #42: Horde x5 • Run tap 24 -> Route 102 grid [130, 133]
2026-09-23T11:14:15.317+01:00 AUTO SWEET SCENT RE-ARM: waiting 1.00 s after prior Horde field return before touchscreen route
2026-09-23T11:14:16.373+01:00 AUTO SWEET SCENT RE-ARM: PASS — battle inactive and anchor grid [130, 133] retained
2026-09-23T11:14:16.376+01:00 AUTO SWEET SCENT D25 TOUCH ROUTE: green Poké Ball (60,230) -> silver visible-slot-4 field icon (279, 119) -> Sweet Scent (170,104)
2026-09-23T11:14:16.673+01:00 AUTO SWEET SCENT TOUCH: GREEN_POKEBALL_PARTY xy=(60,230) touch_state=0x01F542FF completed=True
2026-09-23T11:14:18.702+01:00 AUTO SWEET SCENT TOUCH: SLOT4_SILVER_FIELD_ACTION xy=(279,119) touch_state=0x017EEDF2 completed=True
2026-09-23T11:14:19.750+01:00 AUTO SWEET SCENT TOUCH: SWEET_SCENT xy=(170,104) touch_state=0x016EE87F completed=True
2026-09-23T11:14:26.962+01:00 AUTO SWEET SCENT: battle active — Horde boundary acquired
2026-09-23T11:14:29.890+01:00 HORDE LEAD RAM REFRESH: Staryu moves=[55, 145, 129, 61] PP=[21, 30, 20, 20] source=RUNTIME_POINTER_CHAIN
2026-09-23T11:14:29.892+01:00 PARTY LIVE ORDER: battle pointer table -> species [120, 265, 283, 261, 263, 252] order [0, 2, 3, 4, 5, 1]
2026-09-23T11:14:29.952+01:00 #43 HORDE x5 [AUTO SWEET SCENT]: Zigzagoon, Zigzagoon, Zigzagoon, Zigzagoon, Zigzagoon
2026-09-23T11:14:29.953+01:00   slot0 Zigzagoon PID 0x7DF04EE2 XOR 61643 shiny=False
2026-09-23T11:14:29.953+01:00   slot1 Zigzagoon PID 0xF4EA9013 XOR 42784 shiny=False
2026-09-23T11:14:29.954+01:00   slot2 Zigzagoon PID 0x44BF6427 XOR 58177 shiny=False
2026-09-23T11:14:29.958+01:00   slot3 Zigzagoon PID 0x902B49AB XOR 6745 shiny=False
2026-09-23T11:14:29.959+01:00   slot4 Zigzagoon PID 0x31422B07 XOR 55708 shiny=False
2026-09-23T11:14:30.104+01:00 LAST SEEN FEED: emitted 5 Horde/wild payload(s) to Recent encounters (shiny=0)
2026-09-23T11:14:30.115+01:00 HORDE AUTHORITY COMMITTED: +5 Pokémon seen before escape
2026-09-23T11:14:42.865+01:00 RUN RECOVERY EXTENSION: battle still active after 24 causal Run taps; allowing up to 24 additional bounded Run taps (48 total)
2026-09-23T11:14:45.528+01:00 PARTY LIVE ORDER D25: source=RUNTIME_POINTER_CHAIN species=[120, 252, 265, 283, 261, 263]
2026-09-23T11:14:45.531+01:00 TIMING #43: field->encounter 11.747s • battle+return 18.567s • cycle 30.315s
2026-09-23T11:14:45.532+01:00 HF97 PHASE #43: boundary_wait 2.705s • pre_run_processing 0.434s • run_to_core_field 13.545s • postcore_field_authority 1.871s • accepted_run_attempt 26
2026-09-23T11:14:45.688+01:00 PASS #43: Horde x5 • Run tap 26 -> Route 102 grid [130, 133]
2026-09-23T11:14:45.797+01:00 AUTO SWEET SCENT RE-ARM: waiting 1.00 s after prior Horde field return before touchscreen route
2026-09-23T11:14:46.850+01:00 AUTO SWEET SCENT RE-ARM: PASS — battle inactive and anchor grid [130, 133] retained
2026-09-23T11:14:46.852+01:00 AUTO SWEET SCENT D25 TOUCH ROUTE: green Poké Ball (60,230) -> silver visible-slot-4 field icon (279, 119) -> Sweet Scent (170,104)
2026-09-23T11:14:47.123+01:00 AUTO SWEET SCENT TOUCH: GREEN_POKEBALL_PARTY xy=(60,230) touch_state=0x01F542FF completed=True
2026-09-23T11:14:49.147+01:00 AUTO SWEET SCENT TOUCH: SLOT4_SILVER_FIELD_ACTION xy=(279,119) touch_state=0x017EEDF2 completed=True
2026-09-23T11:14:50.174+01:00 AUTO SWEET SCENT TOUCH: SWEET_SCENT xy=(170,104) touch_state=0x016EE87F completed=True
2026-09-23T11:14:57.376+01:00 AUTO SWEET SCENT: battle active — Horde boundary acquired
2026-09-23T11:15:00.319+01:00 HORDE LEAD RAM REFRESH: Staryu moves=[55, 145, 129, 61] PP=[21, 30, 20, 20] source=RUNTIME_POINTER_CHAIN
2026-09-23T11:15:00.321+01:00 PARTY LIVE ORDER: battle pointer table -> species [120, 265, 283, 261, 263, 252] order [0, 2, 3, 4, 5, 1]
2026-09-23T11:15:00.380+01:00 #44 HORDE x5 [AUTO SWEET SCENT]: Zigzagoon, Zigzagoon, Zigzagoon, Zigzagoon, Zigzagoon
2026-09-23T11:15:00.381+01:00   slot0 Zigzagoon PID 0xDC9CDE8B XOR 49614 shiny=False
2026-09-23T11:15:00.383+01:00   slot1 Zigzagoon PID 0xF1C9DAE3 XOR 59635 shiny=False
2026-09-23T11:15:00.384+01:00   slot2 Zigzagoon PID 0xE85723B9 XOR 2103 shiny=False
2026-09-23T11:15:00.384+01:00   slot3 Zigzagoon PID 0x0F95021E XOR 52818 shiny=False
2026-09-23T11:15:00.387+01:00   slot4 Zigzagoon PID 0x9E01AE13 XOR 62411 shiny=False
2026-09-23T11:15:00.545+01:00 LAST SEEN FEED: emitted 5 Horde/wild payload(s) to Recent encounters (shiny=0)
2026-09-23T11:15:00.554+01:00 HORDE AUTHORITY COMMITTED: +5 Pokémon seen before escape
2026-09-23T11:15:13.443+01:00 RUN RECOVERY EXTENSION: battle still active after 24 causal Run taps; allowing up to 24 additional bounded Run taps (48 total)
2026-09-23T11:15:16.140+01:00 PARTY LIVE ORDER D25: source=RUNTIME_POINTER_CHAIN species=[120, 252, 265, 283, 261, 263]
2026-09-23T11:15:16.143+01:00 TIMING #44: field->encounter 11.688s • battle+return 18.766s • cycle 30.454s
2026-09-23T11:15:16.144+01:00 HF97 PHASE #44: boundary_wait 2.719s • pre_run_processing 0.452s • run_to_core_field 13.685s • postcore_field_authority 1.903s • accepted_run_attempt 26
2026-09-23T11:15:16.315+01:00 PASS #44: Horde x5 • Run tap 26 -> Route 102 grid [130, 133]
2026-09-23T11:15:16.423+01:00 AUTO SWEET SCENT RE-ARM: waiting 1.00 s after prior Horde field return before touchscreen route
2026-09-23T11:15:17.481+01:00 AUTO SWEET SCENT RE-ARM: PASS — battle inactive and anchor grid [130, 133] retained
2026-09-23T11:15:17.483+01:00 AUTO SWEET SCENT D25 TOUCH ROUTE: green Poké Ball (60,230) -> silver visible-slot-4 field icon (279, 119) -> Sweet Scent (170,104)
2026-09-23T11:15:17.759+01:00 AUTO SWEET SCENT TOUCH: GREEN_POKEBALL_PARTY xy=(60,230) touch_state=0x01F542FF completed=True
2026-09-23T11:15:19.789+01:00 AUTO SWEET SCENT TOUCH: SLOT4_SILVER_FIELD_ACTION xy=(279,119) touch_state=0x017EEDF2 completed=True
2026-09-23T11:15:20.811+01:00 AUTO SWEET SCENT TOUCH: SWEET_SCENT xy=(170,104) touch_state=0x016EE87F completed=True
2026-09-23T11:15:28.006+01:00 AUTO SWEET SCENT: battle active — Horde boundary acquired
2026-09-23T11:15:30.965+01:00 HORDE LEAD RAM REFRESH: Staryu moves=[55, 145, 129, 61] PP=[21, 30, 20, 20] source=RUNTIME_POINTER_CHAIN
2026-09-23T11:15:30.970+01:00 PARTY LIVE ORDER: battle pointer table -> species [120, 265, 283, 261, 263, 252] order [0, 2, 3, 4, 5, 1]
2026-09-23T11:15:31.016+01:00 #45 HORDE x5 [AUTO SWEET SCENT]: Seedot, Seedot, Seedot, Seedot, Seedot
2026-09-23T11:15:31.017+01:00   slot0 Seedot PID 0x46C07CB8 XOR 63905 shiny=False
2026-09-23T11:15:31.018+01:00   slot1 Seedot PID 0x965D692E XOR 15530 shiny=False
2026-09-23T11:15:31.019+01:00   slot2 Seedot PID 0x100F06AD XOR 54651 shiny=False
2026-09-23T11:15:31.019+01:00   slot3 Seedot PID 0xA5CC9E3A XOR 63535 shiny=False
2026-09-23T11:15:31.020+01:00   slot4 Seedot PID 0x1C947268 XOR 44325 shiny=False
2026-09-23T11:15:31.176+01:00 LAST SEEN FEED: emitted 5 Horde/wild payload(s) to Recent encounters (shiny=0)
2026-09-23T11:15:31.186+01:00 HORDE AUTHORITY COMMITTED: +5 Pokémon seen before escape
2026-09-23T11:15:45.278+01:00 PARTY LIVE ORDER D25: source=RUNTIME_POINTER_CHAIN species=[120, 252, 265, 283, 261, 263]
2026-09-23T11:15:45.280+01:00 TIMING #45: field->encounter 11.692s • battle+return 17.272s • cycle 28.964s
2026-09-23T11:15:45.281+01:00 HF97 PHASE #45: boundary_wait 2.729s • pre_run_processing 0.444s • run_to_core_field 12.033s • postcore_field_authority 2.060s • accepted_run_attempt 24
2026-09-23T11:15:45.442+01:00 PASS #45: Horde x5 • Run tap 24 -> Route 102 grid [130, 133]
2026-09-23T11:15:45.534+01:00 AUTO SWEET SCENT RE-ARM: waiting 1.00 s after prior Horde field return before touchscreen route
2026-09-23T11:15:46.598+01:00 AUTO SWEET SCENT RE-ARM: PASS — battle inactive and anchor grid [130, 133] retained
2026-09-23T11:15:46.600+01:00 AUTO SWEET SCENT D25 TOUCH ROUTE: green Poké Ball (60,230) -> silver visible-slot-4 field icon (279, 119) -> Sweet Scent (170,104)
2026-09-23T11:15:46.872+01:00 AUTO SWEET SCENT TOUCH: GREEN_POKEBALL_PARTY xy=(60,230) touch_state=0x01F542FF completed=True
2026-09-23T11:15:48.904+01:00 AUTO SWEET SCENT TOUCH: SLOT4_SILVER_FIELD_ACTION xy=(279,119) touch_state=0x017EEDF2 completed=True
2026-09-23T11:15:49.931+01:00 AUTO SWEET SCENT TOUCH: SWEET_SCENT xy=(170,104) touch_state=0x016EE87F completed=True
2026-09-23T11:15:57.178+01:00 AUTO SWEET SCENT: battle active — Horde boundary acquired
2026-09-23T11:16:00.075+01:00 HORDE LEAD RAM REFRESH: Staryu moves=[55, 145, 129, 61] PP=[21, 30, 20, 20] source=RUNTIME_POINTER_CHAIN
2026-09-23T11:16:00.077+01:00 PARTY LIVE ORDER: battle pointer table -> species [120, 265, 283, 261, 263, 252] order [0, 2, 3, 4, 5, 1]
2026-09-23T11:16:00.144+01:00 #46 HORDE x5 [AUTO SWEET SCENT]: Seedot, Seedot, Seedot, Seedot, Seedot
2026-09-23T11:16:00.145+01:00   slot0 Seedot PID 0xB002A78C XOR 54359 shiny=False
2026-09-23T11:16:00.146+01:00   slot1 Seedot PID 0xD4C2C78E XOR 53397 shiny=False
2026-09-23T11:16:00.147+01:00   slot2 Seedot PID 0x3CCD071E XOR 63498 shiny=False
2026-09-23T11:16:00.148+01:00   slot3 Seedot PID 0x507CB41A XOR 10175 shiny=False
2026-09-23T11:16:00.148+01:00   slot4 Seedot PID 0x94BFAD15 XOR 64115 shiny=False
2026-09-23T11:16:00.300+01:00 LAST SEEN FEED: emitted 5 Horde/wild payload(s) to Recent encounters (shiny=0)
2026-09-23T11:16:00.305+01:00 HORDE AUTHORITY COMMITTED: +5 Pokémon seen before escape
2026-09-23T11:16:14.200+01:00 PARTY LIVE ORDER D25: source=RUNTIME_POINTER_CHAIN species=[120, 252, 265, 283, 261, 263]
2026-09-23T11:16:14.205+01:00 TIMING #46: field->encounter 11.735s • battle+return 17.027s • cycle 28.762s
2026-09-23T11:16:14.206+01:00 HF97 PHASE #46: boundary_wait 2.658s • pre_run_processing 0.462s • run_to_core_field 12.014s • postcore_field_authority 1.885s • accepted_run_attempt 24
2026-09-23T11:16:14.342+01:00 PASS #46: Horde x5 • Run tap 24 -> Route 102 grid [130, 133]
2026-09-23T11:16:14.439+01:00 AUTO SWEET SCENT RE-ARM: waiting 1.00 s after prior Horde field return before touchscreen route
2026-09-23T11:16:15.504+01:00 AUTO SWEET SCENT RE-ARM: PASS — battle inactive and anchor grid [130, 133] retained
2026-09-23T11:16:15.506+01:00 AUTO SWEET SCENT D25 TOUCH ROUTE: green Poké Ball (60,230) -> silver visible-slot-4 field icon (279, 119) -> Sweet Scent (170,104)
2026-09-23T11:16:15.779+01:00 AUTO SWEET SCENT TOUCH: GREEN_POKEBALL_PARTY xy=(60,230) touch_state=0x01F542FF completed=True
2026-09-23T11:16:17.807+01:00 AUTO SWEET SCENT TOUCH: SLOT4_SILVER_FIELD_ACTION xy=(279,119) touch_state=0x017EEDF2 completed=True
2026-09-23T11:16:18.832+01:00 AUTO SWEET SCENT TOUCH: SWEET_SCENT xy=(170,104) touch_state=0x016EE87F completed=True
2026-09-23T11:16:26.039+01:00 AUTO SWEET SCENT: battle active — Horde boundary acquired
2026-09-23T11:16:28.928+01:00 HORDE LEAD RAM REFRESH: Staryu moves=[55, 145, 129, 61] PP=[21, 30, 20, 20] source=RUNTIME_POINTER_CHAIN
2026-09-23T11:16:28.930+01:00 PARTY LIVE ORDER: battle pointer table -> species [120, 265, 283, 261, 263, 252] order [0, 2, 3, 4, 5, 1]
2026-09-23T11:16:28.991+01:00 #47 HORDE x5 [AUTO SWEET SCENT]: Zigzagoon, Zigzagoon, Zigzagoon, Zigzagoon, Zigzagoon
2026-09-23T11:16:28.992+01:00   slot0 Zigzagoon PID 0xFE9C4803 XOR 30022 shiny=False
2026-09-23T11:16:28.992+01:00   slot1 Zigzagoon PID 0xE5960A77 XOR 11320 shiny=False
2026-09-23T11:16:28.993+01:00   slot2 Zigzagoon PID 0x6378C138 XOR 24985 shiny=False
2026-09-23T11:16:28.994+01:00   slot3 Zigzagoon PID 0xD5C2A46B XOR 45680 shiny=False
2026-09-23T11:16:28.995+01:00   slot4 Zigzagoon PID 0x708136D7 XOR 34191 shiny=False
2026-09-23T11:16:29.200+01:00 LAST SEEN FEED: emitted 5 Horde/wild payload(s) to Recent encounters (shiny=0)
2026-09-23T11:16:29.211+01:00 HORDE AUTHORITY COMMITTED: +5 Pokémon seen before escape
2026-09-23T11:16:42.203+01:00 RUN RECOVERY EXTENSION: battle still active after 24 causal Run taps; allowing up to 24 additional bounded Run taps (48 total)
2026-09-23T11:16:44.379+01:00 PARTY LIVE ORDER D25: source=RUNTIME_POINTER_CHAIN species=[120, 252, 265, 283, 261, 263]
2026-09-23T11:16:44.382+01:00 TIMING #47: field->encounter 11.697s • battle+return 18.342s • cycle 30.039s
2026-09-23T11:16:44.383+01:00 HF97 PHASE #47: boundary_wait 2.664s • pre_run_processing 0.500s • run_to_core_field 13.272s • postcore_field_authority 1.898s • accepted_run_attempt 25
2026-09-23T11:16:44.549+01:00 PASS #47: Horde x5 • Run tap 25 -> Route 102 grid [130, 133]
2026-09-23T11:16:44.623+01:00 AUTO SWEET SCENT RE-ARM: waiting 1.00 s after prior Horde field return before touchscreen route
2026-09-23T11:16:45.693+01:00 AUTO SWEET SCENT RE-ARM: PASS — battle inactive and anchor grid [130, 133] retained
2026-09-23T11:16:45.697+01:00 AUTO SWEET SCENT D25 TOUCH ROUTE: green Poké Ball (60,230) -> silver visible-slot-4 field icon (279, 119) -> Sweet Scent (170,104)
2026-09-23T11:16:45.992+01:00 AUTO SWEET SCENT TOUCH: GREEN_POKEBALL_PARTY xy=(60,230) touch_state=0x01F542FF completed=True
2026-09-23T11:16:48.020+01:00 AUTO SWEET SCENT TOUCH: SLOT4_SILVER_FIELD_ACTION xy=(279,119) touch_state=0x017EEDF2 completed=True
2026-09-23T11:16:49.080+01:00 AUTO SWEET SCENT TOUCH: SWEET_SCENT xy=(170,104) touch_state=0x016EE87F completed=True
2026-09-23T11:16:56.298+01:00 AUTO SWEET SCENT: battle active — Horde boundary acquired
2026-09-23T11:16:59.213+01:00 HORDE LEAD RAM REFRESH: Staryu moves=[55, 145, 129, 61] PP=[21, 30, 20, 20] source=RUNTIME_POINTER_CHAIN
2026-09-23T11:16:59.216+01:00 PARTY LIVE ORDER: battle pointer table -> species [120, 265, 283, 261, 263, 252] order [0, 2, 3, 4, 5, 1]
2026-09-23T11:16:59.269+01:00 #48 HORDE x5 [AUTO SWEET SCENT]: Zigzagoon, Zigzagoon, Zigzagoon, Zigzagoon, Zigzagoon
2026-09-23T11:16:59.270+01:00   slot0 Zigzagoon PID 0xD93193A8 XOR 35136 shiny=False
2026-09-23T11:16:59.271+01:00   slot1 Zigzagoon PID 0x727A2917 XOR 39092 shiny=False
2026-09-23T11:16:59.274+01:00   slot2 Zigzagoon PID 0xBA47C317 XOR 47753 shiny=False
2026-09-23T11:16:59.275+01:00   slot3 Zigzagoon PID 0xAC4AEAA6 XOR 34101 shiny=False
2026-09-23T11:16:59.277+01:00   slot4 Zigzagoon PID 0x817AE5EB XOR 42824 shiny=False
2026-09-23T11:16:59.430+01:00 LAST SEEN FEED: emitted 5 Horde/wild payload(s) to Recent encounters (shiny=0)
2026-09-23T11:16:59.440+01:00 HORDE AUTHORITY COMMITTED: +5 Pokémon seen before escape
2026-09-23T11:17:12.389+01:00 RUN RECOVERY EXTENSION: battle still active after 24 causal Run taps; allowing up to 24 additional bounded Run taps (48 total)
2026-09-23T11:17:14.865+01:00 PARTY LIVE ORDER D25: source=RUNTIME_POINTER_CHAIN species=[120, 252, 265, 283, 261, 263]
2026-09-23T11:17:14.868+01:00 TIMING #48: field->encounter 11.749s • battle+return 18.569s • cycle 30.318s
2026-09-23T11:17:14.869+01:00 HF97 PHASE #48: boundary_wait 2.670s • pre_run_processing 0.461s • run_to_core_field 13.235s • postcore_field_authority 2.193s • accepted_run_attempt 25
2026-09-23T11:17:15.015+01:00 PASS #48: Horde x5 • Run tap 25 -> Route 102 grid [130, 133]
2026-09-23T11:17:15.111+01:00 AUTO SWEET SCENT RE-ARM: waiting 1.00 s after prior Horde field return before touchscreen route
2026-09-23T11:17:16.170+01:00 AUTO SWEET SCENT RE-ARM: PASS — battle inactive and anchor grid [130, 133] retained
2026-09-23T11:17:16.172+01:00 AUTO SWEET SCENT D25 TOUCH ROUTE: green Poké Ball (60,230) -> silver visible-slot-4 field icon (279, 119) -> Sweet Scent (170,104)
2026-09-23T11:17:16.452+01:00 AUTO SWEET SCENT TOUCH: GREEN_POKEBALL_PARTY xy=(60,230) touch_state=0x01F542FF completed=True
2026-09-23T11:17:18.488+01:00 AUTO SWEET SCENT TOUCH: SLOT4_SILVER_FIELD_ACTION xy=(279,119) touch_state=0x017EEDF2 completed=True
2026-09-23T11:17:19.523+01:00 AUTO SWEET SCENT TOUCH: SWEET_SCENT xy=(170,104) touch_state=0x016EE87F completed=True
2026-09-23T11:17:26.717+01:00 AUTO SWEET SCENT: battle active — Horde boundary acquired
2026-09-23T11:17:29.588+01:00 HORDE LEAD RAM REFRESH: Staryu moves=[55, 145, 129, 61] PP=[21, 30, 20, 20] source=RUNTIME_POINTER_CHAIN
2026-09-23T11:17:29.590+01:00 PARTY LIVE ORDER: battle pointer table -> species [120, 265, 283, 261, 263, 252] order [0, 2, 3, 4, 5, 1]
2026-09-23T11:17:29.637+01:00 #49 HORDE x5 [AUTO SWEET SCENT]: Seedot, Seedot, Seedot, Seedot, Seedot
2026-09-23T11:17:29.638+01:00   slot0 Seedot PID 0xEAEB1986 XOR 12468 shiny=False
2026-09-23T11:17:29.639+01:00   slot1 Seedot PID 0x95F30FD8 XOR 23026 shiny=False
2026-09-23T11:17:29.640+01:00   slot2 Seedot PID 0x60E93AB8 XOR 39304 shiny=False
2026-09-23T11:17:29.642+01:00   slot3 Seedot PID 0xD9B4954D XOR 36640 shiny=False
2026-09-23T11:17:29.643+01:00   slot4 Seedot PID 0xABF0BF80 XOR 55209 shiny=False
2026-09-23T11:17:29.780+01:00 LAST SEEN FEED: emitted 5 Horde/wild payload(s) to Recent encounters (shiny=0)
2026-09-23T11:17:29.785+01:00 HORDE AUTHORITY COMMITTED: +5 Pokémon seen before escape
2026-09-23T11:17:42.548+01:00 RUN RECOVERY EXTENSION: battle still active after 24 causal Run taps; allowing up to 24 additional bounded Run taps (48 total)
2026-09-23T11:17:44.363+01:00 PARTY LIVE ORDER D25: source=RUNTIME_POINTER_CHAIN species=[120, 252, 265, 283, 261, 263]
2026-09-23T11:17:44.366+01:00 TIMING #49: field->encounter 11.702s • battle+return 17.647s • cycle 29.349s
2026-09-23T11:17:44.367+01:00 HF97 PHASE #49: boundary_wait 2.666s • pre_run_processing 0.394s • run_to_core_field 12.850s • postcore_field_authority 1.729s • accepted_run_attempt None
2026-09-23T11:17:44.510+01:00 PASS #49: Horde x5 • Run tap None -> Route 102 grid [130, 133]
2026-09-23T11:17:44.586+01:00 AUTO SWEET SCENT RE-ARM: waiting 1.00 s after prior Horde field return before touchscreen route
2026-09-23T11:17:45.643+01:00 AUTO SWEET SCENT RE-ARM: PASS — battle inactive and anchor grid [130, 133] retained
2026-09-23T11:17:45.645+01:00 AUTO SWEET SCENT D25 TOUCH ROUTE: green Poké Ball (60,230) -> silver visible-slot-4 field icon (279, 119) -> Sweet Scent (170,104)
2026-09-23T11:17:45.919+01:00 AUTO SWEET SCENT TOUCH: GREEN_POKEBALL_PARTY xy=(60,230) touch_state=0x01F542FF completed=True
2026-09-23T11:17:47.943+01:00 AUTO SWEET SCENT TOUCH: SLOT4_SILVER_FIELD_ACTION xy=(279,119) touch_state=0x017EEDF2 completed=True
2026-09-23T11:17:48.974+01:00 AUTO SWEET SCENT TOUCH: SWEET_SCENT xy=(170,104) touch_state=0x016EE87F completed=True
2026-09-23T11:17:56.149+01:00 AUTO SWEET SCENT: battle active — Horde boundary acquired
2026-09-23T11:17:59.144+01:00 HORDE LEAD RAM REFRESH: Staryu moves=[55, 145, 129, 61] PP=[21, 30, 20, 20] source=RUNTIME_POINTER_CHAIN
2026-09-23T11:17:59.146+01:00 PARTY LIVE ORDER: battle pointer table -> species [120, 265, 283, 261, 263, 252] order [0, 2, 3, 4, 5, 1]
2026-09-23T11:17:59.211+01:00 #50 HORDE x5 [AUTO SWEET SCENT]: Ralts, Ralts, Ralts, Ralts, Ralts
2026-09-23T11:17:59.212+01:00   slot0 Ralts PID 0x281D5121 XOR 47845 shiny=False
2026-09-23T11:17:59.212+01:00   slot1 Ralts PID 0xEA4D1F11 XOR 13957 shiny=False
2026-09-23T11:17:59.213+01:00   slot2 Ralts PID 0xFB3F81D6 XOR 47408 shiny=False
2026-09-23T11:17:59.214+01:00   slot3 Ralts PID 0xD93B6DE6 XOR 30468 shiny=False
2026-09-23T11:17:59.215+01:00   slot4 Ralts PID 0xFD4F058B XOR 15133 shiny=False
2026-09-23T11:17:59.361+01:00 LAST SEEN FEED: emitted 5 Horde/wild payload(s) to Recent encounters (shiny=0)
2026-09-23T11:17:59.366+01:00 HORDE AUTHORITY COMMITTED: +5 Pokémon seen before escape
2026-09-23T11:18:12.231+01:00 RUN RECOVERY EXTENSION: battle still active after 24 causal Run taps; allowing up to 24 additional bounded Run taps (48 total)
2026-09-23T11:18:17.463+01:00 PARTY LIVE ORDER D25: source=RUNTIME_POINTER_CHAIN species=[120, 252, 265, 283, 261, 263]
2026-09-23T11:18:17.467+01:00 TIMING #50: field->encounter 11.640s • battle+return 21.316s • cycle 32.956s
2026-09-23T11:18:17.468+01:00 HF97 PHASE #50: boundary_wait 2.769s • pre_run_processing 0.441s • run_to_core_field 16.251s • postcore_field_authority 1.849s • accepted_run_attempt 31
2026-09-23T11:18:17.612+01:00 PASS #50: Horde x5 • Run tap 31 -> Route 102 grid [130, 133]
2026-09-23T11:18:17.717+01:00 AUTO SWEET SCENT RE-ARM: waiting 1.00 s after prior Horde field return before touchscreen route
2026-09-23T11:18:18.778+01:00 AUTO SWEET SCENT RE-ARM: PASS — battle inactive and anchor grid [130, 133] retained
2026-09-23T11:18:18.780+01:00 AUTO SWEET SCENT D25 TOUCH ROUTE: green Poké Ball (60,230) -> silver visible-slot-4 field icon (279, 119) -> Sweet Scent (170,104)
2026-09-23T11:18:19.054+01:00 AUTO SWEET SCENT TOUCH: GREEN_POKEBALL_PARTY xy=(60,230) touch_state=0x01F542FF completed=True
2026-09-23T11:18:21.079+01:00 AUTO SWEET SCENT TOUCH: SLOT4_SILVER_FIELD_ACTION xy=(279,119) touch_state=0x017EEDF2 completed=True
2026-09-23T11:18:22.109+01:00 AUTO SWEET SCENT TOUCH: SWEET_SCENT xy=(170,104) touch_state=0x016EE87F completed=True
2026-09-23T11:18:29.384+01:00 AUTO SWEET SCENT: battle active — Horde boundary acquired
2026-09-23T11:18:32.206+01:00 HORDE LEAD RAM REFRESH: Staryu moves=[55, 145, 129, 61] PP=[21, 30, 20, 20] source=RUNTIME_POINTER_CHAIN
2026-09-23T11:18:32.208+01:00 PARTY LIVE ORDER: battle pointer table -> species [120, 265, 283, 261, 263, 252] order [0, 2, 3, 4, 5, 1]
2026-09-23T11:18:32.268+01:00 #51 HORDE x5 [AUTO SWEET SCENT]: Zigzagoon, Zigzagoon, Zigzagoon, Zigzagoon, Zigzagoon
2026-09-23T11:18:32.269+01:00   slot0 Zigzagoon PID 0xB70464A7 XOR 4218 shiny=False
2026-09-23T11:18:32.270+01:00   slot1 Zigzagoon PID 0x5031B862 XOR 11146 shiny=False
2026-09-23T11:18:32.271+01:00   slot2 Zigzagoon PID 0x72424A94 XOR 64271 shiny=False
2026-09-23T11:18:32.271+01:00   slot3 Zigzagoon PID 0x1C9976E1 XOR 43425 shiny=False
2026-09-23T11:18:32.272+01:00   slot4 Zigzagoon PID 0x4F9E5753 XOR 56084 shiny=False
2026-09-23T11:18:32.401+01:00 LAST SEEN FEED: emitted 5 Horde/wild payload(s) to Recent encounters (shiny=0)
2026-09-23T11:18:32.407+01:00 HORDE AUTHORITY COMMITTED: +5 Pokémon seen before escape
2026-09-23T11:18:44.987+01:00 RUN RECOVERY EXTENSION: battle still active after 24 causal Run taps; allowing up to 24 additional bounded Run taps (48 total)
2026-09-23T11:18:47.848+01:00 PARTY LIVE ORDER D25: source=RUNTIME_POINTER_CHAIN species=[120, 252, 265, 283, 261, 263]
2026-09-23T11:18:47.849+01:00 TIMING #51: field->encounter 11.772s • battle+return 18.464s • cycle 30.236s
2026-09-23T11:18:47.853+01:00 HF97 PHASE #51: boundary_wait 2.598s • pre_run_processing 0.418s • run_to_core_field 13.353s • postcore_field_authority 2.088s • accepted_run_attempt 26
2026-09-23T11:18:48.003+01:00 PASS #51: Horde x5 • Run tap 26 -> Route 102 grid [130, 133]
2026-09-23T11:18:48.090+01:00 AUTO SWEET SCENT RE-ARM: waiting 1.00 s after prior Horde field return before touchscreen route
2026-09-23T11:18:49.151+01:00 AUTO SWEET SCENT RE-ARM: PASS — battle inactive and anchor grid [130, 133] retained
2026-09-23T11:18:49.155+01:00 AUTO SWEET SCENT D25 TOUCH ROUTE: green Poké Ball (60,230) -> silver visible-slot-4 field icon (279, 119) -> Sweet Scent (170,104)
2026-09-23T11:18:49.433+01:00 AUTO SWEET SCENT TOUCH: GREEN_POKEBALL_PARTY xy=(60,230) touch_state=0x01F542FF completed=True
2026-09-23T11:18:51.457+01:00 AUTO SWEET SCENT TOUCH: SLOT4_SILVER_FIELD_ACTION xy=(279,119) touch_state=0x017EEDF2 completed=True
2026-09-23T11:18:52.482+01:00 AUTO SWEET SCENT TOUCH: SWEET_SCENT xy=(170,104) touch_state=0x016EE87F completed=True
2026-09-23T11:18:59.708+01:00 AUTO SWEET SCENT: battle active — Horde boundary acquired
2026-09-23T11:19:02.620+01:00 HORDE LEAD RAM REFRESH: Staryu moves=[55, 145, 129, 61] PP=[21, 30, 20, 20] source=RUNTIME_POINTER_CHAIN
2026-09-23T11:19:02.621+01:00 PARTY LIVE ORDER: battle pointer table -> species [120, 265, 283, 261, 263, 252] order [0, 2, 3, 4, 5, 1]
2026-09-23T11:19:02.675+01:00 #52 HORDE x5 [AUTO SWEET SCENT]: Zigzagoon, Zigzagoon, Zigzagoon, Zigzagoon, Zigzagoon
2026-09-23T11:19:02.676+01:00   slot0 Zigzagoon PID 0x25A1D24E XOR 13366 shiny=False
2026-09-23T11:19:02.677+01:00   slot1 Zigzagoon PID 0x7C235DE1 XOR 57883 shiny=False
2026-09-23T11:19:02.678+01:00   slot2 Zigzagoon PID 0xECCDFEDE XOR 53706 shiny=False
2026-09-23T11:19:02.680+01:00   slot3 Zigzagoon PID 0x79F0FC0F XOR 17958 shiny=False
2026-09-23T11:19:02.680+01:00   slot4 Zigzagoon PID 0x81FB1D51 XOR 24435 shiny=False
2026-09-23T11:19:02.813+01:00 LAST SEEN FEED: emitted 5 Horde/wild payload(s) to Recent encounters (shiny=0)
2026-09-23T11:19:02.818+01:00 HORDE AUTHORITY COMMITTED: +5 Pokémon seen before escape
2026-09-23T11:19:15.585+01:00 RUN RECOVERY EXTENSION: battle still active after 24 causal Run taps; allowing up to 24 additional bounded Run taps (48 total)
2026-09-23T11:19:18.446+01:00 PARTY LIVE ORDER D25: source=RUNTIME_POINTER_CHAIN species=[120, 252, 265, 283, 261, 263]
2026-09-23T11:19:18.449+01:00 TIMING #52: field->encounter 11.706s • battle+return 18.740s • cycle 30.446s
2026-09-23T11:19:18.450+01:00 HF97 PHASE #52: boundary_wait 2.682s • pre_run_processing 0.416s • run_to_core_field 13.553s • postcore_field_authority 2.077s • accepted_run_attempt 26
2026-09-23T11:19:18.596+01:00 PASS #52: Horde x5 • Run tap 26 -> Route 102 grid [130, 133]
2026-09-23T11:19:18.704+01:00 AUTO SWEET SCENT RE-ARM: waiting 1.00 s after prior Horde field return before touchscreen route
2026-09-23T11:19:19.769+01:00 AUTO SWEET SCENT RE-ARM: PASS — battle inactive and anchor grid [130, 133] retained
2026-09-23T11:19:19.772+01:00 AUTO SWEET SCENT D25 TOUCH ROUTE: green Poké Ball (60,230) -> silver visible-slot-4 field icon (279, 119) -> Sweet Scent (170,104)
2026-09-23T11:19:20.047+01:00 AUTO SWEET SCENT TOUCH: GREEN_POKEBALL_PARTY xy=(60,230) touch_state=0x01F542FF completed=True
2026-09-23T11:19:22.072+01:00 AUTO SWEET SCENT TOUCH: SLOT4_SILVER_FIELD_ACTION xy=(279,119) touch_state=0x017EEDF2 completed=True
2026-09-23T11:19:23.101+01:00 AUTO SWEET SCENT TOUCH: SWEET_SCENT xy=(170,104) touch_state=0x016EE87F completed=True
2026-09-23T11:19:30.305+01:00 AUTO SWEET SCENT: battle active — Horde boundary acquired
2026-09-23T11:19:33.209+01:00 HORDE LEAD RAM REFRESH: Staryu moves=[55, 145, 129, 61] PP=[21, 30, 20, 20] source=RUNTIME_POINTER_CHAIN
2026-09-23T11:19:33.213+01:00 PARTY LIVE ORDER: battle pointer table -> species [120, 265, 283, 261, 263, 252] order [0, 2, 3, 4, 5, 1]
2026-09-23T11:19:33.266+01:00 #53 HORDE x5 [AUTO SWEET SCENT]: Seedot, Seedot, Seedot, Seedot, Seedot
2026-09-23T11:19:33.267+01:00   slot0 Seedot PID 0x6D99CDBC XOR 25596 shiny=False
2026-09-23T11:19:33.267+01:00   slot1 Seedot PID 0xFC721845 XOR 10222 shiny=False
2026-09-23T11:19:33.268+01:00   slot2 Seedot PID 0x94E56B98 XOR 15524 shiny=False
2026-09-23T11:19:33.270+01:00   slot3 Seedot PID 0x7A4A1030 XOR 43427 shiny=False
2026-09-23T11:19:33.271+01:00   slot4 Seedot PID 0xF6FF9432 XOR 41236 shiny=False
2026-09-23T11:19:33.409+01:00 LAST SEEN FEED: emitted 5 Horde/wild payload(s) to Recent encounters (shiny=0)
2026-09-23T11:19:33.426+01:00 HORDE AUTHORITY COMMITTED: +5 Pokémon seen before escape
2026-09-23T11:19:46.048+01:00 RUN RECOVERY EXTENSION: battle still active after 24 causal Run taps; allowing up to 24 additional bounded Run taps (48 total)
2026-09-23T11:19:47.832+01:00 PARTY LIVE ORDER D25: source=RUNTIME_POINTER_CHAIN species=[120, 252, 265, 283, 261, 263]
2026-09-23T11:19:47.833+01:00 TIMING #53: field->encounter 11.709s • battle+return 17.527s • cycle 29.236s
2026-09-23T11:19:47.834+01:00 HF97 PHASE #53: boundary_wait 2.674s • pre_run_processing 0.440s • run_to_core_field 12.720s • postcore_field_authority 1.686s • accepted_run_attempt None
2026-09-23T11:19:47.986+01:00 PASS #53: Horde x5 • Run tap None -> Route 102 grid [130, 133]
2026-09-23T11:19:48.076+01:00 AUTO SWEET SCENT RE-ARM: waiting 1.00 s after prior Horde field return before touchscreen route
2026-09-23T11:19:49.150+01:00 AUTO SWEET SCENT RE-ARM: PASS — battle inactive and anchor grid [130, 133] retained
2026-09-23T11:19:49.152+01:00 AUTO SWEET SCENT D25 TOUCH ROUTE: green Poké Ball (60,230) -> silver visible-slot-4 field icon (279, 119) -> Sweet Scent (170,104)
2026-09-23T11:19:49.433+01:00 AUTO SWEET SCENT TOUCH: GREEN_POKEBALL_PARTY xy=(60,230) touch_state=0x01F542FF completed=True
2026-09-23T11:19:51.455+01:00 AUTO SWEET SCENT TOUCH: SLOT4_SILVER_FIELD_ACTION xy=(279,119) touch_state=0x017EEDF2 completed=True
2026-09-23T11:19:52.487+01:00 AUTO SWEET SCENT TOUCH: SWEET_SCENT xy=(170,104) touch_state=0x016EE87F completed=True
2026-09-23T11:19:59.707+01:00 AUTO SWEET SCENT: battle active — Horde boundary acquired
2026-09-23T11:20:02.630+01:00 HORDE LEAD RAM REFRESH: Staryu moves=[55, 145, 129, 61] PP=[21, 30, 20, 20] source=RUNTIME_POINTER_CHAIN
2026-09-23T11:20:02.633+01:00 PARTY LIVE ORDER: battle pointer table -> species [120, 265, 283, 261, 263, 252] order [0, 2, 3, 4, 5, 1]
2026-09-23T11:20:02.702+01:00 #54 HORDE x5 [AUTO SWEET SCENT]: Seedot, Seedot, Seedot, Seedot, Seedot
2026-09-23T11:20:02.703+01:00   slot0 Seedot PID 0xCC9AE112 XOR 61009 shiny=False
2026-09-23T11:20:02.704+01:00   slot1 Seedot PID 0xC23C148A XOR 5487 shiny=False
2026-09-23T11:20:02.705+01:00   slot2 Seedot PID 0x628C5ED4 XOR 65409 shiny=False
2026-09-23T11:20:02.705+01:00   slot3 Seedot PID 0xCAC73228 XOR 15158 shiny=False
2026-09-23T11:20:02.706+01:00   slot4 Seedot PID 0x40BAD08B XOR 21480 shiny=False
2026-09-23T11:20:02.857+01:00 LAST SEEN FEED: emitted 5 Horde/wild payload(s) to Recent encounters (shiny=0)
2026-09-23T11:20:02.863+01:00 HORDE AUTHORITY COMMITTED: +5 Pokémon seen before escape
2026-09-23T11:20:16.828+01:00 PARTY LIVE ORDER D25: source=RUNTIME_POINTER_CHAIN species=[120, 252, 265, 283, 261, 263]
2026-09-23T11:20:16.829+01:00 TIMING #54: field->encounter 11.722s • battle+return 17.121s • cycle 28.843s
2026-09-23T11:20:16.830+01:00 HF97 PHASE #54: boundary_wait 2.715s • pre_run_processing 0.433s • run_to_core_field 11.933s • postcore_field_authority 2.033s • accepted_run_attempt 24
2026-09-23T11:20:16.980+01:00 PASS #54: Horde x5 • Run tap 24 -> Route 102 grid [130, 133]
2026-09-23T11:20:17.088+01:00 AUTO SWEET SCENT RE-ARM: waiting 1.00 s after prior Horde field return before touchscreen route
2026-09-23T11:20:18.146+01:00 AUTO SWEET SCENT RE-ARM: PASS — battle inactive and anchor grid [130, 133] retained
2026-09-23T11:20:18.148+01:00 AUTO SWEET SCENT D25 TOUCH ROUTE: green Poké Ball (60,230) -> silver visible-slot-4 field icon (279, 119) -> Sweet Scent (170,104)
2026-09-23T11:20:18.448+01:00 AUTO SWEET SCENT TOUCH: GREEN_POKEBALL_PARTY xy=(60,230) touch_state=0x01F542FF completed=True
2026-09-23T11:20:20.475+01:00 AUTO SWEET SCENT TOUCH: SLOT4_SILVER_FIELD_ACTION xy=(279,119) touch_state=0x017EEDF2 completed=True
2026-09-23T11:20:21.503+01:00 AUTO SWEET SCENT TOUCH: SWEET_SCENT xy=(170,104) touch_state=0x016EE87F completed=True
2026-09-23T11:20:28.728+01:00 AUTO SWEET SCENT: battle active — Horde boundary acquired
2026-09-23T11:20:31.657+01:00 HORDE LEAD RAM REFRESH: Staryu moves=[55, 145, 129, 61] PP=[21, 30, 20, 20] source=RUNTIME_POINTER_CHAIN
2026-09-23T11:20:31.661+01:00 PARTY LIVE ORDER: battle pointer table -> species [120, 265, 283, 261, 263, 252] order [0, 2, 3, 4, 5, 1]
2026-09-23T11:20:31.710+01:00 #55 HORDE x5 [AUTO SWEET SCENT]: Zigzagoon, Zigzagoon, Zigzagoon, Zigzagoon, Zigzagoon
2026-09-23T11:20:31.711+01:00   slot0 Zigzagoon PID 0x0451EC01 XOR 11145 shiny=False
2026-09-23T11:20:31.713+01:00   slot1 Zigzagoon PID 0x65BDC2C8 XOR 25772 shiny=False
2026-09-23T11:20:31.714+01:00   slot2 Zigzagoon PID 0xA6AD0161 XOR 25621 shiny=False
2026-09-23T11:20:31.715+01:00   slot3 Zigzagoon PID 0x3E84CD37 XOR 12394 shiny=False
2026-09-23T11:20:31.717+01:00   slot4 Zigzagoon PID 0x75F56877 XOR 56923 shiny=False
2026-09-23T11:20:31.862+01:00 LAST SEEN FEED: emitted 5 Horde/wild payload(s) to Recent encounters (shiny=0)
2026-09-23T11:20:31.867+01:00 HORDE AUTHORITY COMMITTED: +5 Pokémon seen before escape
2026-09-23T11:20:44.622+01:00 RUN RECOVERY EXTENSION: battle still active after 24 causal Run taps; allowing up to 24 additional bounded Run taps (48 total)
2026-09-23T11:20:47.481+01:00 PARTY LIVE ORDER D25: source=RUNTIME_POINTER_CHAIN species=[120, 252, 265, 283, 261, 263]
2026-09-23T11:20:47.484+01:00 TIMING #55: field->encounter 11.748s • battle+return 18.755s • cycle 30.502s
2026-09-23T11:20:47.485+01:00 HF97 PHASE #55: boundary_wait 2.703s • pre_run_processing 0.417s • run_to_core_field 13.546s • postcore_field_authority 2.070s • accepted_run_attempt 26
2026-09-23T11:20:47.626+01:00 PASS #55: Horde x5 • Run tap 26 -> Route 102 grid [130, 133]
2026-09-23T11:20:47.728+01:00 AUTO SWEET SCENT RE-ARM: waiting 1.00 s after prior Horde field return before touchscreen route
2026-09-23T11:20:48.793+01:00 AUTO SWEET SCENT RE-ARM: PASS — battle inactive and anchor grid [130, 133] retained
2026-09-23T11:20:48.795+01:00 AUTO SWEET SCENT D25 TOUCH ROUTE: green Poké Ball (60,230) -> silver visible-slot-4 field icon (279, 119) -> Sweet Scent (170,104)
2026-09-23T11:20:49.064+01:00 AUTO SWEET SCENT TOUCH: GREEN_POKEBALL_PARTY xy=(60,230) touch_state=0x01F542FF completed=True
2026-09-23T11:20:51.092+01:00 AUTO SWEET SCENT TOUCH: SLOT4_SILVER_FIELD_ACTION xy=(279,119) touch_state=0x017EEDF2 completed=True
2026-09-23T11:20:52.124+01:00 AUTO SWEET SCENT TOUCH: SWEET_SCENT xy=(170,104) touch_state=0x016EE87F completed=True
2026-09-23T11:20:59.328+01:00 AUTO SWEET SCENT: battle active — Horde boundary acquired
2026-09-23T11:21:02.338+01:00 HORDE LEAD RAM REFRESH: Staryu moves=[55, 145, 129, 61] PP=[21, 30, 20, 20] source=RUNTIME_POINTER_CHAIN
2026-09-23T11:21:02.339+01:00 PARTY LIVE ORDER: battle pointer table -> species [120, 265, 283, 261, 263, 252] order [0, 2, 3, 4, 5, 1]
2026-09-23T11:21:02.411+01:00 #56 HORDE x5 [AUTO SWEET SCENT]: Zigzagoon, Zigzagoon, Zigzagoon, Zigzagoon, Zigzagoon
2026-09-23T11:21:02.412+01:00   slot0 Zigzagoon PID 0x969D68BF XOR 15867 shiny=False
2026-09-23T11:21:02.413+01:00   slot1 Zigzagoon PID 0x4783EE7A XOR 27168 shiny=False
2026-09-23T11:21:02.414+01:00   slot2 Zigzagoon PID 0x9C44DBE2 XOR 33919 shiny=False
2026-09-23T11:21:02.415+01:00   slot3 Zigzagoon PID 0x5779983E XOR 3230 shiny=False
2026-09-23T11:21:02.416+01:00   slot4 Zigzagoon PID 0x3A4480C7 XOR 31066 shiny=False
2026-09-23T11:21:02.558+01:00 LAST SEEN FEED: emitted 5 Horde/wild payload(s) to Recent encounters (shiny=0)
2026-09-23T11:21:02.563+01:00 HORDE AUTHORITY COMMITTED: +5 Pokémon seen before escape
2026-09-23T11:21:15.433+01:00 RUN RECOVERY EXTENSION: battle still active after 24 causal Run taps; allowing up to 24 additional bounded Run taps (48 total)
2026-09-23T11:21:18.246+01:00 PARTY LIVE ORDER D25: source=RUNTIME_POINTER_CHAIN species=[120, 252, 265, 283, 261, 263]
2026-09-23T11:21:18.247+01:00 TIMING #56: field->encounter 11.703s • battle+return 18.918s • cycle 30.621s
2026-09-23T11:21:18.250+01:00 HF97 PHASE #56: boundary_wait 2.723s • pre_run_processing 0.504s • run_to_core_field 13.628s • postcore_field_authority 2.056s • accepted_run_attempt 26
2026-09-23T11:21:18.394+01:00 PASS #56: Horde x5 • Run tap 26 -> Route 102 grid [130, 133]
2026-09-23T11:21:18.497+01:00 AUTO SWEET SCENT RE-ARM: waiting 1.00 s after prior Horde field return before touchscreen route
2026-09-23T11:21:19.567+01:00 AUTO SWEET SCENT RE-ARM: PASS — battle inactive and anchor grid [130, 133] retained
2026-09-23T11:21:19.569+01:00 AUTO SWEET SCENT D25 TOUCH ROUTE: green Poké Ball (60,230) -> silver visible-slot-4 field icon (279, 119) -> Sweet Scent (170,104)
2026-09-23T11:21:19.840+01:00 AUTO SWEET SCENT TOUCH: GREEN_POKEBALL_PARTY xy=(60,230) touch_state=0x01F542FF completed=True
2026-09-23T11:21:21.867+01:00 AUTO SWEET SCENT TOUCH: SLOT4_SILVER_FIELD_ACTION xy=(279,119) touch_state=0x017EEDF2 completed=True
2026-09-23T11:21:22.897+01:00 AUTO SWEET SCENT TOUCH: SWEET_SCENT xy=(170,104) touch_state=0x016EE87F completed=True
2026-09-23T11:21:30.088+01:00 AUTO SWEET SCENT: battle active — Horde boundary acquired
2026-09-23T11:21:33.015+01:00 HORDE LEAD RAM REFRESH: Staryu moves=[55, 145, 129, 61] PP=[21, 30, 20, 20] source=RUNTIME_POINTER_CHAIN
2026-09-23T11:21:33.016+01:00 PARTY LIVE ORDER: battle pointer table -> species [120, 265, 283, 261, 263, 252] order [0, 2, 3, 4, 5, 1]
2026-09-23T11:21:33.075+01:00 #57 HORDE x5 [AUTO SWEET SCENT]: Seedot, Seedot, Seedot, Seedot, Seedot
2026-09-23T11:21:33.076+01:00   slot0 Seedot PID 0xAB2390F3 XOR 63497 shiny=False
2026-09-23T11:21:33.077+01:00   slot1 Seedot PID 0x4996F291 XOR 30942 shiny=False
2026-09-23T11:21:33.077+01:00   slot2 Seedot PID 0x9962B5A5 XOR 61214 shiny=False
2026-09-23T11:21:33.078+01:00   slot3 Seedot PID 0x9E41D219 XOR 36737 shiny=False
2026-09-23T11:21:33.080+01:00   slot4 Seedot PID 0xC9665725 XOR 23962 shiny=False
2026-09-23T11:21:33.212+01:00 LAST SEEN FEED: emitted 5 Horde/wild payload(s) to Recent encounters (shiny=0)
2026-09-23T11:21:33.217+01:00 HORDE AUTHORITY COMMITTED: +5 Pokémon seen before escape
2026-09-23T11:21:47.289+01:00 PARTY LIVE ORDER D25: source=RUNTIME_POINTER_CHAIN species=[120, 252, 265, 283, 261, 263]
2026-09-23T11:21:47.292+01:00 TIMING #57: field->encounter 11.694s • battle+return 17.202s • cycle 28.896s
2026-09-23T11:21:47.293+01:00 HF97 PHASE #57: boundary_wait 2.713s • pre_run_processing 0.408s • run_to_core_field 12.019s • postcore_field_authority 2.054s • accepted_run_attempt 24
2026-09-23T11:21:47.438+01:00 PASS #57: Horde x5 • Run tap 24 -> Route 102 grid [130, 133]
2026-09-23T11:21:47.526+01:00 AUTO SWEET SCENT RE-ARM: waiting 1.00 s after prior Horde field return before touchscreen route
2026-09-23T11:21:48.590+01:00 AUTO SWEET SCENT RE-ARM: PASS — battle inactive and anchor grid [130, 133] retained
2026-09-23T11:21:48.592+01:00 AUTO SWEET SCENT D25 TOUCH ROUTE: green Poké Ball (60,230) -> silver visible-slot-4 field icon (279, 119) -> Sweet Scent (170,104)
2026-09-23T11:21:48.864+01:00 AUTO SWEET SCENT TOUCH: GREEN_POKEBALL_PARTY xy=(60,230) touch_state=0x01F542FF completed=True
2026-09-23T11:21:50.888+01:00 AUTO SWEET SCENT TOUCH: SLOT4_SILVER_FIELD_ACTION xy=(279,119) touch_state=0x017EEDF2 completed=True
2026-09-23T11:21:51.940+01:00 AUTO SWEET SCENT TOUCH: SWEET_SCENT xy=(170,104) touch_state=0x016EE87F completed=True
2026-09-23T11:21:59.144+01:00 AUTO SWEET SCENT: battle active — Horde boundary acquired
2026-09-23T11:22:02.081+01:00 HORDE LEAD RAM REFRESH: Staryu moves=[55, 145, 129, 61] PP=[21, 30, 20, 20] source=RUNTIME_POINTER_CHAIN
2026-09-23T11:22:02.083+01:00 PARTY LIVE ORDER: battle pointer table -> species [120, 265, 283, 261, 263, 252] order [0, 2, 3, 4, 5, 1]
2026-09-23T11:22:02.136+01:00 #58 HORDE x5 [AUTO SWEET SCENT]: Zigzagoon, Zigzagoon, Zigzagoon, Zigzagoon, Zigzagoon
2026-09-23T11:22:02.137+01:00   slot0 Zigzagoon PID 0xD68803C5 XOR 5780 shiny=False
2026-09-23T11:22:02.138+01:00   slot1 Zigzagoon PID 0x89F7BC22 XOR 62988 shiny=False
2026-09-23T11:22:02.139+01:00   slot2 Zigzagoon PID 0x05BA7F41 XOR 47394 shiny=False
2026-09-23T11:22:02.140+01:00   slot3 Zigzagoon PID 0xF036EAAD XOR 55618 shiny=False
2026-09-23T11:22:02.140+01:00   slot4 Zigzagoon PID 0xC35AF39E XOR 62237 shiny=False
2026-09-23T11:22:02.276+01:00 LAST SEEN FEED: emitted 5 Horde/wild payload(s) to Recent encounters (shiny=0)
2026-09-23T11:22:02.294+01:00 HORDE AUTHORITY COMMITTED: +5 Pokémon seen before escape
2026-09-23T11:22:15.070+01:00 RUN RECOVERY EXTENSION: battle still active after 24 causal Run taps; allowing up to 24 additional bounded Run taps (48 total)
2026-09-23T11:22:17.938+01:00 PARTY LIVE ORDER D25: source=RUNTIME_POINTER_CHAIN species=[120, 252, 265, 283, 261, 263]
2026-09-23T11:22:17.939+01:00 TIMING #58: field->encounter 11.706s • battle+return 18.794s • cycle 30.500s
2026-09-23T11:22:17.943+01:00 HF97 PHASE #58: boundary_wait 2.693s • pre_run_processing 0.433s • run_to_core_field 13.574s • postcore_field_authority 2.070s • accepted_run_attempt 26
2026-09-23T11:22:18.093+01:00 PASS #58: Horde x5 • Run tap 26 -> Route 102 grid [130, 133]
2026-09-23T11:22:18.188+01:00 AUTO SWEET SCENT RE-ARM: waiting 1.00 s after prior Horde field return before touchscreen route
2026-09-23T11:22:19.252+01:00 AUTO SWEET SCENT RE-ARM: PASS — battle inactive and anchor grid [130, 133] retained
2026-09-23T11:22:19.254+01:00 AUTO SWEET SCENT D25 TOUCH ROUTE: green Poké Ball (60,230) -> silver visible-slot-4 field icon (279, 119) -> Sweet Scent (170,104)
2026-09-23T11:22:19.524+01:00 AUTO SWEET SCENT TOUCH: GREEN_POKEBALL_PARTY xy=(60,230) touch_state=0x01F542FF completed=True
2026-09-23T11:22:21.549+01:00 AUTO SWEET SCENT TOUCH: SLOT4_SILVER_FIELD_ACTION xy=(279,119) touch_state=0x017EEDF2 completed=True
2026-09-23T11:22:22.596+01:00 AUTO SWEET SCENT TOUCH: SWEET_SCENT xy=(170,104) touch_state=0x016EE87F completed=True
2026-09-23T11:22:29.633+01:00 AUTO SWEET SCENT: battle active — Horde boundary acquired
2026-09-23T11:22:32.598+01:00 HORDE LEAD RAM REFRESH: Staryu moves=[55, 145, 129, 61] PP=[21, 30, 20, 20] source=RUNTIME_POINTER_CHAIN
2026-09-23T11:22:32.600+01:00 PARTY LIVE ORDER: battle pointer table -> species [120, 265, 283, 261, 263, 252] order [0, 2, 3, 4, 5, 1]
2026-09-23T11:22:32.666+01:00 #59 HORDE x5 [AUTO SWEET SCENT]: Seedot, Seedot, Seedot, Seedot, Seedot
2026-09-23T11:22:32.667+01:00   slot0 Seedot PID 0x0B60E186 XOR 10559 shiny=False
2026-09-23T11:22:32.668+01:00   slot1 Seedot PID 0xB77A5545 XOR 8678 shiny=False
2026-09-23T11:22:32.669+01:00   slot2 Seedot PID 0x23CB8665 XOR 26231 shiny=False
2026-09-23T11:22:32.670+01:00   slot3 Seedot PID 0xD9F8F183 XOR 60322 shiny=False
2026-09-23T11:22:32.670+01:00   slot4 Seedot PID 0xF7104911 XOR 32216 shiny=False
2026-09-23T11:22:32.805+01:00 LAST SEEN FEED: emitted 5 Horde/wild payload(s) to Recent encounters (shiny=0)
2026-09-23T11:22:32.811+01:00 HORDE AUTHORITY COMMITTED: +5 Pokémon seen before escape
2026-09-23T11:22:46.743+01:00 PARTY LIVE ORDER D25: source=RUNTIME_POINTER_CHAIN species=[120, 252, 265, 283, 261, 263]
2026-09-23T11:22:46.744+01:00 TIMING #59: field->encounter 11.540s • battle+return 17.110s • cycle 28.650s
2026-09-23T11:22:46.745+01:00 HF97 PHASE #59: boundary_wait 2.735s • pre_run_processing 0.432s • run_to_core_field 12.045s • postcore_field_authority 1.887s • accepted_run_attempt 24
2026-09-23T11:22:46.894+01:00 PASS #59: Horde x5 • Run tap 24 -> Route 102 grid [130, 133]
2026-09-23T11:22:46.999+01:00 AUTO SWEET SCENT RE-ARM: waiting 1.00 s after prior Horde field return before touchscreen route
2026-09-23T11:22:48.052+01:00 AUTO SWEET SCENT RE-ARM: PASS — battle inactive and anchor grid [130, 133] retained
2026-09-23T11:22:48.054+01:00 AUTO SWEET SCENT D25 TOUCH ROUTE: green Poké Ball (60,230) -> silver visible-slot-4 field icon (279, 119) -> Sweet Scent (170,104)
2026-09-23T11:22:48.343+01:00 AUTO SWEET SCENT TOUCH: GREEN_POKEBALL_PARTY xy=(60,230) touch_state=0x01F542FF completed=True
2026-09-23T11:22:50.388+01:00 AUTO SWEET SCENT TOUCH: SLOT4_SILVER_FIELD_ACTION xy=(279,119) touch_state=0x017EEDF2 completed=True
2026-09-23T11:22:51.419+01:00 AUTO SWEET SCENT TOUCH: SWEET_SCENT xy=(170,104) touch_state=0x016EE87F completed=True
2026-09-23T11:22:58.672+01:00 AUTO SWEET SCENT: battle active — Horde boundary acquired
2026-09-23T11:23:01.528+01:00 HORDE LEAD RAM REFRESH: Staryu moves=[55, 145, 129, 61] PP=[21, 30, 20, 20] source=RUNTIME_POINTER_CHAIN
2026-09-23T11:23:01.529+01:00 PARTY LIVE ORDER: battle pointer table -> species [120, 265, 283, 261, 263, 252] order [0, 2, 3, 4, 5, 1]
2026-09-23T11:23:01.593+01:00 #60 HORDE x5 [AUTO SWEET SCENT]: Seedot, Seedot, Seedot, Seedot, Seedot
2026-09-23T11:23:01.594+01:00   slot0 Seedot PID 0xCAEDD0ED XOR 55769 shiny=False
2026-09-23T11:23:01.595+01:00   slot1 Seedot PID 0x3F0D9532 XOR 27110 shiny=False
2026-09-23T11:23:01.596+01:00   slot2 Seedot PID 0xF351D18F XOR 57607 shiny=False
2026-09-23T11:23:01.597+01:00   slot3 Seedot PID 0x831187B9 XOR 51057 shiny=False
2026-09-23T11:23:01.598+01:00   slot4 Seedot PID 0xBF642DDF XOR 20834 shiny=False
2026-09-23T11:23:01.735+01:00 LAST SEEN FEED: emitted 5 Horde/wild payload(s) to Recent encounters (shiny=0)
2026-09-23T11:23:01.753+01:00 HORDE AUTHORITY COMMITTED: +5 Pokémon seen before escape
2026-09-23T11:23:15.688+01:00 PARTY LIVE ORDER D25: source=RUNTIME_POINTER_CHAIN species=[120, 252, 265, 283, 261, 263]
2026-09-23T11:23:15.689+01:00 TIMING #60: field->encounter 11.778s • battle+return 17.016s • cycle 28.795s
2026-09-23T11:23:15.690+01:00 HF97 PHASE #60: boundary_wait 2.630s • pre_run_processing 0.443s • run_to_core_field 12.066s • postcore_field_authority 1.869s • accepted_run_attempt 24
2026-09-23T11:23:15.821+01:00 PASS #60: Horde x5 • Run tap 24 -> Route 102 grid [130, 133]
2026-09-23T11:23:15.933+01:00 AUTO SWEET SCENT RE-ARM: waiting 1.00 s after prior Horde field return before touchscreen route
2026-09-23T11:23:16.993+01:00 AUTO SWEET SCENT RE-ARM: PASS — battle inactive and anchor grid [130, 133] retained
2026-09-23T11:23:16.997+01:00 AUTO SWEET SCENT D25 TOUCH ROUTE: green Poké Ball (60,230) -> silver visible-slot-4 field icon (279, 119) -> Sweet Scent (170,104)
2026-09-23T11:23:17.278+01:00 AUTO SWEET SCENT TOUCH: GREEN_POKEBALL_PARTY xy=(60,230) touch_state=0x01F542FF completed=True
2026-09-23T11:23:19.318+01:00 AUTO SWEET SCENT TOUCH: SLOT4_SILVER_FIELD_ACTION xy=(279,119) touch_state=0x017EEDF2 completed=True
2026-09-23T11:23:20.338+01:00 AUTO SWEET SCENT TOUCH: SWEET_SCENT xy=(170,104) touch_state=0x016EE87F completed=True
2026-09-23T11:23:27.547+01:00 AUTO SWEET SCENT: battle active — Horde boundary acquired
2026-09-23T11:23:30.482+01:00 HORDE LEAD RAM REFRESH: Staryu moves=[55, 145, 129, 61] PP=[21, 30, 20, 20] source=RUNTIME_POINTER_CHAIN
2026-09-23T11:23:30.483+01:00 PARTY LIVE ORDER: battle pointer table -> species [120, 265, 283, 261, 263, 252] order [0, 2, 3, 4, 5, 1]
2026-09-23T11:23:30.532+01:00 #61 HORDE x5 [AUTO SWEET SCENT]: Zigzagoon, Zigzagoon, Zigzagoon, Zigzagoon, Zigzagoon
2026-09-23T11:23:30.533+01:00   slot0 Zigzagoon PID 0xCA7C1F5A XOR 5887 shiny=False
2026-09-23T11:23:30.534+01:00   slot1 Zigzagoon PID 0xF4FAD657 XOR 57716 shiny=False
2026-09-23T11:23:30.538+01:00   slot2 Zigzagoon PID 0x2ACC4442 XOR 44375 shiny=False
2026-09-23T11:23:30.539+01:00   slot3 Zigzagoon PID 0x8E696462 XOR 10706 shiny=False
2026-09-23T11:23:30.540+01:00   slot4 Zigzagoon PID 0x4878E0C9 XOR 27496 shiny=False
2026-09-23T11:23:30.680+01:00 LAST SEEN FEED: emitted 5 Horde/wild payload(s) to Recent encounters (shiny=0)
2026-09-23T11:23:30.686+01:00 HORDE AUTHORITY COMMITTED: +5 Pokémon seen before escape
2026-09-23T11:23:43.429+01:00 RUN RECOVERY EXTENSION: battle still active after 24 causal Run taps; allowing up to 24 additional bounded Run taps (48 total)
2026-09-23T11:23:45.614+01:00 PARTY LIVE ORDER D25: source=RUNTIME_POINTER_CHAIN species=[120, 252, 265, 283, 261, 263]
2026-09-23T11:23:45.618+01:00 TIMING #61: field->encounter 11.726s • battle+return 18.068s • cycle 29.794s
2026-09-23T11:23:45.620+01:00 HF97 PHASE #61: boundary_wait 2.718s • pre_run_processing 0.410s • run_to_core_field 13.026s • postcore_field_authority 1.904s • accepted_run_attempt 25
2026-09-23T11:23:45.769+01:00 PASS #61: Horde x5 • Run tap 25 -> Route 102 grid [130, 133]
2026-09-23T11:23:45.875+01:00 AUTO SWEET SCENT RE-ARM: waiting 1.00 s after prior Horde field return before touchscreen route
2026-09-23T11:23:46.932+01:00 AUTO SWEET SCENT RE-ARM: PASS — battle inactive and anchor grid [130, 133] retained
2026-09-23T11:23:46.934+01:00 AUTO SWEET SCENT D25 TOUCH ROUTE: green Poké Ball (60,230) -> silver visible-slot-4 field icon (279, 119) -> Sweet Scent (170,104)
2026-09-23T11:23:47.210+01:00 AUTO SWEET SCENT TOUCH: GREEN_POKEBALL_PARTY xy=(60,230) touch_state=0x01F542FF completed=True
2026-09-23T11:23:49.237+01:00 AUTO SWEET SCENT TOUCH: SLOT4_SILVER_FIELD_ACTION xy=(279,119) touch_state=0x017EEDF2 completed=True
2026-09-23T11:23:50.264+01:00 AUTO SWEET SCENT TOUCH: SWEET_SCENT xy=(170,104) touch_state=0x016EE87F completed=True
2026-09-23T11:23:57.476+01:00 AUTO SWEET SCENT: battle active — Horde boundary acquired
2026-09-23T11:24:00.564+01:00 HORDE LEAD RAM REFRESH: Staryu moves=[55, 145, 129, 61] PP=[21, 30, 20, 20] source=RUNTIME_POINTER_CHAIN
2026-09-23T11:24:00.566+01:00 PARTY LIVE ORDER: battle pointer table -> species [120, 265, 283, 261, 263, 252] order [0, 2, 3, 4, 5, 1]
2026-09-23T11:24:00.640+01:00 #62 HORDE x5 [AUTO SWEET SCENT]: Zigzagoon, Zigzagoon, Zigzagoon, Zigzagoon, Zigzagoon
2026-09-23T11:24:00.641+01:00   slot0 Zigzagoon PID 0x92C2FE9F XOR 44932 shiny=False
2026-09-23T11:24:00.645+01:00   slot1 Zigzagoon PID 0xFE0709C2 XOR 13340 shiny=False
2026-09-23T11:24:00.646+01:00   slot2 Zigzagoon PID 0xD83CDA49 XOR 49580 shiny=False
2026-09-23T11:24:00.647+01:00   slot3 Zigzagoon PID 0x0CAAE399 XOR 11498 shiny=False
2026-09-23T11:24:00.649+01:00   slot4 Zigzagoon PID 0x537087E1 XOR 5960 shiny=False
2026-09-23T11:24:00.788+01:00 LAST SEEN FEED: emitted 5 Horde/wild payload(s) to Recent encounters (shiny=0)
2026-09-23T11:24:00.794+01:00 HORDE AUTHORITY COMMITTED: +5 Pokémon seen before escape
2026-09-23T11:24:13.618+01:00 RUN RECOVERY EXTENSION: battle still active after 24 causal Run taps; allowing up to 24 additional bounded Run taps (48 total)
2026-09-23T11:24:15.416+01:00 PARTY LIVE ORDER D25: source=RUNTIME_POINTER_CHAIN species=[120, 252, 265, 283, 261, 263]
2026-09-23T11:24:15.419+01:00 TIMING #62: field->encounter 11.707s • battle+return 17.942s • cycle 29.649s
2026-09-23T11:24:15.420+01:00 HF97 PHASE #62: boundary_wait 2.811s • pre_run_processing 0.500s • run_to_core_field 12.917s • postcore_field_authority 1.707s • accepted_run_attempt None
2026-09-23T11:24:15.564+01:00 PASS #62: Horde x5 • Run tap None -> Route 102 grid [130, 133]
2026-09-23T11:24:15.660+01:00 AUTO SWEET SCENT RE-ARM: waiting 1.00 s after prior Horde field return before touchscreen route
2026-09-23T11:24:16.722+01:00 AUTO SWEET SCENT RE-ARM: PASS — battle inactive and anchor grid [130, 133] retained
2026-09-23T11:24:16.724+01:00 AUTO SWEET SCENT D25 TOUCH ROUTE: green Poké Ball (60,230) -> silver visible-slot-4 field icon (279, 119) -> Sweet Scent (170,104)
2026-09-23T11:24:17.020+01:00 AUTO SWEET SCENT TOUCH: GREEN_POKEBALL_PARTY xy=(60,230) touch_state=0x01F542FF completed=True
2026-09-23T11:24:19.044+01:00 AUTO SWEET SCENT TOUCH: SLOT4_SILVER_FIELD_ACTION xy=(279,119) touch_state=0x017EEDF2 completed=True
2026-09-23T11:24:20.088+01:00 AUTO SWEET SCENT TOUCH: SWEET_SCENT xy=(170,104) touch_state=0x016EE87F completed=True
2026-09-23T11:24:27.305+01:00 AUTO SWEET SCENT: battle active — Horde boundary acquired
2026-09-23T11:24:30.229+01:00 HORDE LEAD RAM REFRESH: Staryu moves=[55, 145, 129, 61] PP=[21, 30, 20, 20] source=RUNTIME_POINTER_CHAIN
2026-09-23T11:24:30.230+01:00 PARTY LIVE ORDER: battle pointer table -> species [120, 265, 283, 261, 263, 252] order [0, 2, 3, 4, 5, 1]
2026-09-23T11:24:30.285+01:00 #63 HORDE x5 [AUTO SWEET SCENT]: Zigzagoon, Zigzagoon, Zigzagoon, Zigzagoon, Zigzagoon
2026-09-23T11:24:30.286+01:00   slot0 Zigzagoon PID 0x3A955EAD XOR 42977 shiny=False
2026-09-23T11:24:30.287+01:00   slot1 Zigzagoon PID 0x82A9920B XOR 54139 shiny=False
2026-09-23T11:24:30.288+01:00   slot2 Zigzagoon PID 0x9E8BBF4E XOR 57884 shiny=False
2026-09-23T11:24:30.289+01:00   slot3 Zigzagoon PID 0x9535732D XOR 9665 shiny=False
2026-09-23T11:24:30.289+01:00   slot4 Zigzagoon PID 0x76CB3BBF XOR 36525 shiny=False
2026-09-23T11:24:30.429+01:00 LAST SEEN FEED: emitted 5 Horde/wild payload(s) to Recent encounters (shiny=0)
2026-09-23T11:24:30.435+01:00 HORDE AUTHORITY COMMITTED: +5 Pokémon seen before escape
2026-09-23T11:24:43.269+01:00 RUN RECOVERY EXTENSION: battle still active after 24 causal Run taps; allowing up to 24 additional bounded Run taps (48 total)
2026-09-23T11:24:45.607+01:00 PARTY LIVE ORDER D25: source=RUNTIME_POINTER_CHAIN species=[120, 252, 265, 283, 261, 263]
2026-09-23T11:24:45.609+01:00 TIMING #63: field->encounter 11.741s • battle+return 18.303s • cycle 30.044s
2026-09-23T11:24:45.610+01:00 HF97 PHASE #63: boundary_wait 2.708s • pre_run_processing 0.415s • run_to_core_field 13.100s • postcore_field_authority 2.073s • accepted_run_attempt 25
2026-09-23T11:24:45.755+01:00 PASS #63: Horde x5 • Run tap 25 -> Route 102 grid [130, 133]
2026-09-23T11:24:45.846+01:00 AUTO SWEET SCENT RE-ARM: waiting 1.00 s after prior Horde field return before touchscreen route
2026-09-23T11:24:46.904+01:00 AUTO SWEET SCENT RE-ARM: PASS — battle inactive and anchor grid [130, 133] retained
2026-09-23T11:24:46.906+01:00 AUTO SWEET SCENT D25 TOUCH ROUTE: green Poké Ball (60,230) -> silver visible-slot-4 field icon (279, 119) -> Sweet Scent (170,104)
2026-09-23T11:24:47.183+01:00 AUTO SWEET SCENT TOUCH: GREEN_POKEBALL_PARTY xy=(60,230) touch_state=0x01F542FF completed=True
2026-09-23T11:24:49.210+01:00 AUTO SWEET SCENT TOUCH: SLOT4_SILVER_FIELD_ACTION xy=(279,119) touch_state=0x017EEDF2 completed=True
2026-09-23T11:24:50.239+01:00 AUTO SWEET SCENT TOUCH: SWEET_SCENT xy=(170,104) touch_state=0x016EE87F completed=True
2026-09-23T11:24:57.433+01:00 AUTO SWEET SCENT: battle active — Horde boundary acquired
2026-09-23T11:25:00.357+01:00 HORDE LEAD RAM REFRESH: Staryu moves=[55, 145, 129, 61] PP=[21, 30, 20, 20] source=RUNTIME_POINTER_CHAIN
2026-09-23T11:25:00.359+01:00 PARTY LIVE ORDER: battle pointer table -> species [120, 265, 283, 261, 263, 252] order [0, 2, 3, 4, 5, 1]
2026-09-23T11:25:00.409+01:00 #64 HORDE x5 [AUTO SWEET SCENT]: Seedot, Seedot, Seedot, Seedot, Seedot
2026-09-23T11:25:00.410+01:00   slot0 Seedot PID 0x1738F10C XOR 9709 shiny=False
2026-09-23T11:25:00.411+01:00   slot1 Seedot PID 0x37FA342F XOR 49164 shiny=False
2026-09-23T11:25:00.412+01:00   slot2 Seedot PID 0x290E09F9 XOR 58158 shiny=False
2026-09-23T11:25:00.412+01:00   slot3 Seedot PID 0x7546F172 XOR 18413 shiny=False
2026-09-23T11:25:00.413+01:00   slot4 Seedot PID 0x18FECBD0 XOR 4343 shiny=False
2026-09-23T11:25:00.549+01:00 LAST SEEN FEED: emitted 5 Horde/wild payload(s) to Recent encounters (shiny=0)
2026-09-23T11:25:00.556+01:00 HORDE AUTHORITY COMMITTED: +5 Pokémon seen before escape
2026-09-23T11:25:14.345+01:00 PARTY LIVE ORDER D25: source=RUNTIME_POINTER_CHAIN species=[120, 252, 265, 283, 261, 263]
2026-09-23T11:25:14.349+01:00 TIMING #64: field->encounter 11.679s • battle+return 16.914s • cycle 28.593s
2026-09-23T11:25:14.350+01:00 HF97 PHASE #64: boundary_wait 2.709s • pre_run_processing 0.407s • run_to_core_field 11.936s • postcore_field_authority 1.855s • accepted_run_attempt 24
2026-09-23T11:25:14.501+01:00 PASS #64: Horde x5 • Run tap 24 -> Route 102 grid [130, 133]
2026-09-23T11:25:14.607+01:00 AUTO SWEET SCENT RE-ARM: waiting 1.00 s after prior Horde field return before touchscreen route
2026-09-23T11:25:15.669+01:00 AUTO SWEET SCENT RE-ARM: PASS — battle inactive and anchor grid [130, 133] retained
2026-09-23T11:25:15.671+01:00 AUTO SWEET SCENT D25 TOUCH ROUTE: green Poké Ball (60,230) -> silver visible-slot-4 field icon (279, 119) -> Sweet Scent (170,104)
2026-09-23T11:25:15.949+01:00 AUTO SWEET SCENT TOUCH: GREEN_POKEBALL_PARTY xy=(60,230) touch_state=0x01F542FF completed=True
2026-09-23T11:25:17.972+01:00 AUTO SWEET SCENT TOUCH: SLOT4_SILVER_FIELD_ACTION xy=(279,119) touch_state=0x017EEDF2 completed=True
2026-09-23T11:25:18.999+01:00 AUTO SWEET SCENT TOUCH: SWEET_SCENT xy=(170,104) touch_state=0x016EE87F completed=True
2026-09-23T11:25:26.217+01:00 AUTO SWEET SCENT: battle active — Horde boundary acquired
2026-09-23T11:25:29.144+01:00 HORDE LEAD RAM REFRESH: Staryu moves=[55, 145, 129, 61] PP=[21, 30, 20, 20] source=RUNTIME_POINTER_CHAIN
2026-09-23T11:25:29.146+01:00 PARTY LIVE ORDER: battle pointer table -> species [120, 265, 283, 261, 263, 252] order [0, 2, 3, 4, 5, 1]
2026-09-23T11:25:29.201+01:00 #65 HORDE x5 [AUTO SWEET SCENT]: Seedot, Seedot, Seedot, Seedot, Seedot
2026-09-23T11:25:29.204+01:00   slot0 Seedot PID 0x2D8632D1 XOR 56462 shiny=False
2026-09-23T11:25:29.205+01:00   slot1 Seedot PID 0x7B69E2A1 XOR 23057 shiny=False
2026-09-23T11:25:29.205+01:00   slot2 Seedot PID 0x9F4C21DC XOR 32073 shiny=False
2026-09-23T11:25:29.206+01:00   slot3 Seedot PID 0x232C94F2 XOR 29703 shiny=False
2026-09-23T11:25:29.207+01:00   slot4 Seedot PID 0x31353A93 XOR 51327 shiny=False
2026-09-23T11:25:29.347+01:00 LAST SEEN FEED: emitted 5 Horde/wild payload(s) to Recent encounters (shiny=0)
2026-09-23T11:25:29.352+01:00 HORDE AUTHORITY COMMITTED: +5 Pokémon seen before escape
2026-09-23T11:25:43.291+01:00 PARTY LIVE ORDER D25: source=RUNTIME_POINTER_CHAIN species=[120, 252, 265, 283, 261, 263]
2026-09-23T11:25:43.294+01:00 TIMING #65: field->encounter 11.716s • battle+return 17.076s • cycle 28.791s
2026-09-23T11:25:43.295+01:00 HF97 PHASE #65: boundary_wait 2.700s • pre_run_processing 0.421s • run_to_core_field 12.030s • postcore_field_authority 1.911s • accepted_run_attempt 24
2026-09-23T11:25:43.431+01:00 PASS #65: Horde x5 • Run tap 24 -> Route 102 grid [130, 133]
2026-09-23T11:25:43.532+01:00 AUTO SWEET SCENT RE-ARM: waiting 1.00 s after prior Horde field return before touchscreen route
2026-09-23T11:25:44.594+01:00 AUTO SWEET SCENT RE-ARM: PASS — battle inactive and anchor grid [130, 133] retained
2026-09-23T11:25:44.596+01:00 AUTO SWEET SCENT D25 TOUCH ROUTE: green Poké Ball (60,230) -> silver visible-slot-4 field icon (279, 119) -> Sweet Scent (170,104)
2026-09-23T11:25:44.881+01:00 AUTO SWEET SCENT TOUCH: GREEN_POKEBALL_PARTY xy=(60,230) touch_state=0x01F542FF completed=True
2026-09-23T11:25:46.912+01:00 AUTO SWEET SCENT TOUCH: SLOT4_SILVER_FIELD_ACTION xy=(279,119) touch_state=0x017EEDF2 completed=True
2026-09-23T11:25:47.938+01:00 AUTO SWEET SCENT TOUCH: SWEET_SCENT xy=(170,104) touch_state=0x016EE87F completed=True
2026-09-23T11:25:55.124+01:00 AUTO SWEET SCENT: battle active — Horde boundary acquired
2026-09-23T11:25:58.106+01:00 HORDE LEAD RAM REFRESH: Staryu moves=[55, 145, 129, 61] PP=[21, 30, 20, 20] source=RUNTIME_POINTER_CHAIN
2026-09-23T11:25:58.107+01:00 PARTY LIVE ORDER: battle pointer table -> species [120, 265, 283, 261, 263, 252] order [0, 2, 3, 4, 5, 1]
2026-09-23T11:25:58.163+01:00 #66 HORDE x5 [AUTO SWEET SCENT]: Zigzagoon, Zigzagoon, Zigzagoon, Zigzagoon, Zigzagoon
2026-09-23T11:25:58.164+01:00   slot0 Zigzagoon PID 0xDAB49EAE XOR 34755 shiny=False
2026-09-23T11:25:58.165+01:00   slot1 Zigzagoon PID 0x9849804D XOR 56285 shiny=False
2026-09-23T11:25:58.166+01:00   slot2 Zigzagoon PID 0xF8D84FC9 XOR 29896 shiny=False
2026-09-23T11:25:58.166+01:00   slot3 Zigzagoon PID 0x8071C688 XOR 34080 shiny=False
2026-09-23T11:25:58.167+01:00   slot4 Zigzagoon PID 0xFF1A6EF8 XOR 21051 shiny=False
2026-09-23T11:25:58.307+01:00 LAST SEEN FEED: emitted 5 Horde/wild payload(s) to Recent encounters (shiny=0)
2026-09-23T11:25:58.323+01:00 HORDE AUTHORITY COMMITTED: +5 Pokémon seen before escape
2026-09-23T11:26:11.132+01:00 RUN RECOVERY EXTENSION: battle still active after 24 causal Run taps; allowing up to 24 additional bounded Run taps (48 total)
2026-09-23T11:26:13.749+01:00 PARTY LIVE ORDER D25: source=RUNTIME_POINTER_CHAIN species=[120, 252, 265, 283, 261, 263]
2026-09-23T11:26:13.751+01:00 TIMING #66: field->encounter 11.694s • battle+return 18.625s • cycle 30.319s
2026-09-23T11:26:13.752+01:00 HF97 PHASE #66: boundary_wait 2.772s • pre_run_processing 0.422s • run_to_core_field 13.553s • postcore_field_authority 1.871s • accepted_run_attempt 26
2026-09-23T11:26:13.906+01:00 PASS #66: Horde x5 • Run tap 26 -> Route 102 grid [130, 133]
2026-09-23T11:26:14.018+01:00 AUTO SWEET SCENT RE-ARM: waiting 1.00 s after prior Horde field return before touchscreen route
2026-09-23T11:26:15.078+01:00 AUTO SWEET SCENT RE-ARM: PASS — battle inactive and anchor grid [130, 133] retained
2026-09-23T11:26:15.080+01:00 AUTO SWEET SCENT D25 TOUCH ROUTE: green Poké Ball (60,230) -> silver visible-slot-4 field icon (279, 119) -> Sweet Scent (170,104)
2026-09-23T11:26:15.357+01:00 AUTO SWEET SCENT TOUCH: GREEN_POKEBALL_PARTY xy=(60,230) touch_state=0x01F542FF completed=True
2026-09-23T11:26:17.389+01:00 AUTO SWEET SCENT TOUCH: SLOT4_SILVER_FIELD_ACTION xy=(279,119) touch_state=0x017EEDF2 completed=True
2026-09-23T11:26:18.414+01:00 AUTO SWEET SCENT TOUCH: SWEET_SCENT xy=(170,104) touch_state=0x016EE87F completed=True
2026-09-23T11:26:25.621+01:00 AUTO SWEET SCENT: battle active — Horde boundary acquired
2026-09-23T11:26:28.533+01:00 HORDE LEAD RAM REFRESH: Staryu moves=[55, 145, 129, 61] PP=[21, 30, 20, 20] source=RUNTIME_POINTER_CHAIN
2026-09-23T11:26:28.535+01:00 PARTY LIVE ORDER: battle pointer table -> species [120, 265, 283, 261, 263, 252] order [0, 2, 3, 4, 5, 1]
2026-09-23T11:26:28.593+01:00 #67 HORDE x5 [AUTO SWEET SCENT]: Seedot, Seedot, Seedot, Seedot, Seedot
2026-09-23T11:26:28.594+01:00   slot0 Seedot PID 0xEA9F871A XOR 44636 shiny=False
2026-09-23T11:26:28.597+01:00   slot1 Seedot PID 0x12866919 XOR 47174 shiny=False
2026-09-23T11:26:28.598+01:00   slot2 Seedot PID 0xFA33DDC8 XOR 58402 shiny=False
2026-09-23T11:26:28.599+01:00   slot3 Seedot PID 0xCE5A74A8 XOR 31019 shiny=False
2026-09-23T11:26:28.600+01:00   slot4 Seedot PID 0x67CE37F9 XOR 37870 shiny=False
2026-09-23T11:26:28.728+01:00 LAST SEEN FEED: emitted 5 Horde/wild payload(s) to Recent encounters (shiny=0)
2026-09-23T11:26:28.743+01:00 HORDE AUTHORITY COMMITTED: +5 Pokémon seen before escape
2026-09-23T11:26:42.597+01:00 PARTY LIVE ORDER D25: source=RUNTIME_POINTER_CHAIN species=[120, 252, 265, 283, 261, 263]
2026-09-23T11:26:42.601+01:00 TIMING #67: field->encounter 11.715s • battle+return 16.979s • cycle 28.694s
2026-09-23T11:26:42.602+01:00 HF97 PHASE #67: boundary_wait 2.701s • pre_run_processing 0.415s • run_to_core_field 11.980s • postcore_field_authority 1.876s • accepted_run_attempt 24
2026-09-23T11:26:42.751+01:00 PASS #67: Horde x5 • Run tap 24 -> Route 102 grid [130, 133]
2026-09-23T11:26:42.841+01:00 AUTO SWEET SCENT RE-ARM: waiting 1.00 s after prior Horde field return before touchscreen route
2026-09-23T11:26:43.908+01:00 AUTO SWEET SCENT RE-ARM: PASS — battle inactive and anchor grid [130, 133] retained
2026-09-23T11:26:43.910+01:00 AUTO SWEET SCENT D25 TOUCH ROUTE: green Poké Ball (60,230) -> silver visible-slot-4 field icon (279, 119) -> Sweet Scent (170,104)
2026-09-23T11:26:44.185+01:00 AUTO SWEET SCENT TOUCH: GREEN_POKEBALL_PARTY xy=(60,230) touch_state=0x01F542FF completed=True
2026-09-23T11:26:46.210+01:00 AUTO SWEET SCENT TOUCH: SLOT4_SILVER_FIELD_ACTION xy=(279,119) touch_state=0x017EEDF2 completed=True
2026-09-23T11:26:47.238+01:00 AUTO SWEET SCENT TOUCH: SWEET_SCENT xy=(170,104) touch_state=0x016EE87F completed=True
2026-09-23T11:26:54.421+01:00 AUTO SWEET SCENT: battle active — Horde boundary acquired
2026-09-23T11:26:57.328+01:00 HORDE LEAD RAM REFRESH: Staryu moves=[55, 145, 129, 61] PP=[21, 30, 20, 20] source=RUNTIME_POINTER_CHAIN
2026-09-23T11:26:57.332+01:00 PARTY LIVE ORDER: battle pointer table -> species [120, 265, 283, 261, 263, 252] order [0, 2, 3, 4, 5, 1]
2026-09-23T11:26:57.383+01:00 #68 HORDE x5 [AUTO SWEET SCENT]: Ralts, Ralts, Ralts, Ralts, Ralts
2026-09-23T11:26:57.384+01:00   slot0 Ralts PID 0x237CC6D5 XOR 9840 shiny=False
2026-09-23T11:26:57.384+01:00   slot1 Ralts PID 0xC6E54646 XOR 17274 shiny=False
2026-09-23T11:26:57.385+01:00   slot2 Ralts PID 0xA636A98B XOR 52324 shiny=False
2026-09-23T11:26:57.386+01:00   slot3 Ralts PID 0x83647447 XOR 13562 shiny=False
2026-09-23T11:26:57.386+01:00   slot4 Ralts PID 0x611FC090 XOR 25174 shiny=False
2026-09-23T11:26:57.530+01:00 LAST SEEN FEED: emitted 5 Horde/wild payload(s) to Recent encounters (shiny=0)
2026-09-23T11:26:57.536+01:00 HORDE AUTHORITY COMMITTED: +5 Pokémon seen before escape
2026-09-23T11:27:10.362+01:00 RUN RECOVERY EXTENSION: battle still active after 24 causal Run taps; allowing up to 24 additional bounded Run taps (48 total)
2026-09-23T11:27:19.302+01:00 PARTY LIVE ORDER D25: source=RUNTIME_POINTER_CHAIN species=[120, 252, 265, 283, 261, 263]
2026-09-23T11:27:19.306+01:00 TIMING #68: field->encounter 11.670s • battle+return 24.883s • cycle 36.553s
2026-09-23T11:27:19.307+01:00 HF97 PHASE #68: boundary_wait 2.682s • pre_run_processing 0.424s • run_to_core_field 19.696s • postcore_field_authority 2.072s • accepted_run_attempt None
2026-09-23T11:27:19.452+01:00 PASS #68: Horde x5 • Run tap None -> Route 102 grid [130, 133]
2026-09-23T11:27:19.560+01:00 AUTO SWEET SCENT RE-ARM: waiting 1.00 s after prior Horde field return before touchscreen route
2026-09-23T11:27:20.619+01:00 AUTO SWEET SCENT RE-ARM: PASS — battle inactive and anchor grid [130, 133] retained
2026-09-23T11:27:20.621+01:00 AUTO SWEET SCENT D25 TOUCH ROUTE: green Poké Ball (60,230) -> silver visible-slot-4 field icon (279, 119) -> Sweet Scent (170,104)
2026-09-23T11:27:20.919+01:00 AUTO SWEET SCENT TOUCH: GREEN_POKEBALL_PARTY xy=(60,230) touch_state=0x01F542FF completed=True
2026-09-23T11:27:22.953+01:00 AUTO SWEET SCENT TOUCH: SLOT4_SILVER_FIELD_ACTION xy=(279,119) touch_state=0x017EEDF2 completed=True
2026-09-23T11:27:23.974+01:00 AUTO SWEET SCENT TOUCH: SWEET_SCENT xy=(170,104) touch_state=0x016EE87F completed=True
2026-09-23T11:27:31.177+01:00 AUTO SWEET SCENT: battle active — Horde boundary acquired
2026-09-23T11:27:34.132+01:00 HORDE LEAD RAM REFRESH: Staryu moves=[55, 145, 129, 61] PP=[21, 30, 20, 20] source=RUNTIME_POINTER_CHAIN
2026-09-23T11:27:34.133+01:00 PARTY LIVE ORDER: battle pointer table -> species [120, 265, 283, 261, 263, 252] order [0, 2, 3, 4, 5, 1]
2026-09-23T11:27:34.192+01:00 #69 HORDE x5 [AUTO SWEET SCENT]: Zigzagoon, Zigzagoon, Zigzagoon, Zigzagoon, Zigzagoon
2026-09-23T11:27:34.193+01:00   slot0 Zigzagoon PID 0x7FE52BF9 XOR 38853 shiny=False
2026-09-23T11:27:34.196+01:00   slot1 Zigzagoon PID 0xEACF3327 XOR 6705 shiny=False
2026-09-23T11:27:34.198+01:00   slot2 Zigzagoon PID 0xC937062E XOR 3264 shiny=False
2026-09-23T11:27:34.198+01:00   slot3 Zigzagoon PID 0xC113786D XOR 31399 shiny=False
2026-09-23T11:27:34.199+01:00   slot4 Zigzagoon PID 0x18DF6ADC XOR 45530 shiny=False
2026-09-23T11:27:34.344+01:00 LAST SEEN FEED: emitted 5 Horde/wild payload(s) to Recent encounters (shiny=0)
2026-09-23T11:27:34.349+01:00 HORDE AUTHORITY COMMITTED: +5 Pokémon seen before escape
2026-09-23T11:27:47.137+01:00 RUN RECOVERY EXTENSION: battle still active after 24 causal Run taps; allowing up to 24 additional bounded Run taps (48 total)
2026-09-23T11:27:49.798+01:00 PARTY LIVE ORDER D25: source=RUNTIME_POINTER_CHAIN species=[120, 252, 265, 283, 261, 263]
2026-09-23T11:27:49.801+01:00 TIMING #69: field->encounter 11.726s • battle+return 18.622s • cycle 30.348s
2026-09-23T11:27:49.802+01:00 HF97 PHASE #69: boundary_wait 2.726s • pre_run_processing 0.438s • run_to_core_field 13.586s • postcore_field_authority 1.865s • accepted_run_attempt 26
2026-09-23T11:27:49.946+01:00 PASS #69: Horde x5 • Run tap 26 -> Route 102 grid [130, 133]
2026-09-23T11:27:50.054+01:00 AUTO SWEET SCENT RE-ARM: waiting 1.00 s after prior Horde field return before touchscreen route
2026-09-23T11:27:51.114+01:00 AUTO SWEET SCENT RE-ARM: PASS — battle inactive and anchor grid [130, 133] retained
2026-09-23T11:27:51.116+01:00 AUTO SWEET SCENT D25 TOUCH ROUTE: green Poké Ball (60,230) -> silver visible-slot-4 field icon (279, 119) -> Sweet Scent (170,104)
2026-09-23T11:27:51.389+01:00 AUTO SWEET SCENT TOUCH: GREEN_POKEBALL_PARTY xy=(60,230) touch_state=0x01F542FF completed=True
2026-09-23T11:27:53.418+01:00 AUTO SWEET SCENT TOUCH: SLOT4_SILVER_FIELD_ACTION xy=(279,119) touch_state=0x017EEDF2 completed=True
2026-09-23T11:27:54.449+01:00 AUTO SWEET SCENT TOUCH: SWEET_SCENT xy=(170,104) touch_state=0x016EE87F completed=True
2026-09-23T11:28:01.648+01:00 AUTO SWEET SCENT: battle active — Horde boundary acquired
2026-09-23T11:28:04.583+01:00 HORDE LEAD RAM REFRESH: Staryu moves=[55, 145, 129, 61] PP=[21, 30, 20, 20] source=RUNTIME_POINTER_CHAIN
2026-09-23T11:28:04.584+01:00 PARTY LIVE ORDER: battle pointer table -> species [120, 265, 283, 261, 263, 252] order [0, 2, 3, 4, 5, 1]
2026-09-23T11:28:04.649+01:00 #70 HORDE x5 [AUTO SWEET SCENT]: Zigzagoon, Zigzagoon, Zigzagoon, Zigzagoon, Zigzagoon
2026-09-23T11:28:04.650+01:00   slot0 Zigzagoon PID 0x6350A1A7 XOR 302 shiny=False
2026-09-23T11:28:04.651+01:00   slot1 Zigzagoon PID 0x9A8F55B4 XOR 3298 shiny=False
2026-09-23T11:28:04.652+01:00   slot2 Zigzagoon PID 0xE50DC4AF XOR 57979 shiny=False
2026-09-23T11:28:04.653+01:00   slot3 Zigzagoon PID 0xD21BACDE XOR 48412 shiny=False
2026-09-23T11:28:04.654+01:00   slot4 Zigzagoon PID 0x680FD229 XOR 31231 shiny=False
2026-09-23T11:28:04.794+01:00 LAST SEEN FEED: emitted 5 Horde/wild payload(s) to Recent encounters (shiny=0)
2026-09-23T11:28:04.799+01:00 HORDE AUTHORITY COMMITTED: +5 Pokémon seen before escape
2026-09-23T11:28:17.594+01:00 RUN RECOVERY EXTENSION: battle still active after 24 causal Run taps; allowing up to 24 additional bounded Run taps (48 total)
2026-09-23T11:28:19.939+01:00 PARTY LIVE ORDER D25: source=RUNTIME_POINTER_CHAIN species=[120, 252, 265, 283, 261, 263]
2026-09-23T11:28:19.941+01:00 TIMING #70: field->encounter 11.703s • battle+return 18.291s • cycle 29.994s
2026-09-23T11:28:19.943+01:00 HF97 PHASE #70: boundary_wait 2.714s • pre_run_processing 0.425s • run_to_core_field 13.063s • postcore_field_authority 2.077s • accepted_run_attempt 25
2026-09-23T11:28:20.088+01:00 PASS #70: Horde x5 • Run tap 25 -> Route 102 grid [130, 133]
2026-09-23T11:28:20.167+01:00 AUTO SWEET SCENT RE-ARM: waiting 1.00 s after prior Horde field return before touchscreen route
2026-09-23T11:28:21.227+01:00 AUTO SWEET SCENT RE-ARM: PASS — battle inactive and anchor grid [130, 133] retained
2026-09-23T11:28:21.229+01:00 AUTO SWEET SCENT D25 TOUCH ROUTE: green Poké Ball (60,230) -> silver visible-slot-4 field icon (279, 119) -> Sweet Scent (170,104)
2026-09-23T11:28:21.505+01:00 AUTO SWEET SCENT TOUCH: GREEN_POKEBALL_PARTY xy=(60,230) touch_state=0x01F542FF completed=True
2026-09-23T11:28:23.553+01:00 AUTO SWEET SCENT TOUCH: SLOT4_SILVER_FIELD_ACTION xy=(279,119) touch_state=0x017EEDF2 completed=True
2026-09-23T11:28:24.576+01:00 AUTO SWEET SCENT TOUCH: SWEET_SCENT xy=(170,104) touch_state=0x016EE87F completed=True
2026-09-23T11:28:31.837+01:00 AUTO SWEET SCENT: battle active — Horde boundary acquired
2026-09-23T11:28:34.759+01:00 HORDE LEAD RAM REFRESH: Staryu moves=[55, 145, 129, 61] PP=[21, 30, 20, 20] source=RUNTIME_POINTER_CHAIN
2026-09-23T11:28:34.760+01:00 PARTY LIVE ORDER: battle pointer table -> species [120, 265, 283, 261, 263, 252] order [0, 2, 3, 4, 5, 1]
2026-09-23T11:28:34.818+01:00 #71 HORDE x5 [AUTO SWEET SCENT]: Seedot, Seedot, Seedot, Seedot, Seedot
2026-09-23T11:28:34.819+01:00   slot0 Seedot PID 0xF1B9C830 XOR 64080 shiny=False
2026-09-23T11:28:34.820+01:00   slot1 Seedot PID 0xEED6190C XOR 13315 shiny=False
2026-09-23T11:28:34.823+01:00   slot2 Seedot PID 0x2ABE9B3E XOR 29273 shiny=False
2026-09-23T11:28:34.824+01:00   slot3 Seedot PID 0x2FC47E90 XOR 37517 shiny=False
2026-09-23T11:28:34.825+01:00   slot4 Seedot PID 0x26A2E3B8 XOR 1731 shiny=False
2026-09-23T11:28:34.946+01:00 LAST SEEN FEED: emitted 5 Horde/wild payload(s) to Recent encounters (shiny=0)
2026-09-23T11:28:34.950+01:00 HORDE AUTHORITY COMMITTED: +5 Pokémon seen before escape
2026-09-23T11:28:48.915+01:00 PARTY LIVE ORDER D25: source=RUNTIME_POINTER_CHAIN species=[120, 252, 265, 283, 261, 263]
2026-09-23T11:28:48.917+01:00 TIMING #71: field->encounter 11.750s • battle+return 17.079s • cycle 28.829s
2026-09-23T11:28:48.918+01:00 HF97 PHASE #71: boundary_wait 2.680s • pre_run_processing 0.425s • run_to_core_field 11.910s • postcore_field_authority 2.057s • accepted_run_attempt 24
2026-09-23T11:28:49.066+01:00 PASS #71: Horde x5 • Run tap 24 -> Route 102 grid [130, 133]
2026-09-23T11:28:49.162+01:00 AUTO SWEET SCENT RE-ARM: waiting 1.00 s after prior Horde field return before touchscreen route
2026-09-23T11:28:50.224+01:00 AUTO SWEET SCENT RE-ARM: PASS — battle inactive and anchor grid [130, 133] retained
2026-09-23T11:28:50.226+01:00 AUTO SWEET SCENT D25 TOUCH ROUTE: green Poké Ball (60,230) -> silver visible-slot-4 field icon (279, 119) -> Sweet Scent (170,104)
2026-09-23T11:28:50.500+01:00 AUTO SWEET SCENT TOUCH: GREEN_POKEBALL_PARTY xy=(60,230) touch_state=0x01F542FF completed=True
2026-09-23T11:28:52.551+01:00 AUTO SWEET SCENT TOUCH: SLOT4_SILVER_FIELD_ACTION xy=(279,119) touch_state=0x017EEDF2 completed=True
2026-09-23T11:28:53.580+01:00 AUTO SWEET SCENT TOUCH: SWEET_SCENT xy=(170,104) touch_state=0x016EE87F completed=True
2026-09-23T11:29:00.786+01:00 AUTO SWEET SCENT: battle active — Horde boundary acquired
2026-09-23T11:29:03.730+01:00 HORDE LEAD RAM REFRESH: Staryu moves=[55, 145, 129, 61] PP=[21, 30, 20, 20] source=RUNTIME_POINTER_CHAIN
2026-09-23T11:29:03.732+01:00 PARTY LIVE ORDER: battle pointer table -> species [120, 265, 283, 261, 263, 252] order [0, 2, 3, 4, 5, 1]
2026-09-23T11:29:03.797+01:00 #72 HORDE x5 [AUTO SWEET SCENT]: Zigzagoon, Zigzagoon, Zigzagoon, Zigzagoon, Zigzagoon
2026-09-23T11:29:03.798+01:00   slot0 Zigzagoon PID 0xADB758C2 XOR 13996 shiny=False
2026-09-23T11:29:03.799+01:00   slot1 Zigzagoon PID 0xC40B29BC XOR 11886 shiny=False
2026-09-23T11:29:03.800+01:00   slot2 Zigzagoon PID 0x37A10549 XOR 61745 shiny=False
2026-09-23T11:29:03.801+01:00   slot3 Zigzagoon PID 0x7AB1ABC4 XOR 4780 shiny=False
2026-09-23T11:29:03.801+01:00   slot4 Zigzagoon PID 0xFAED072E XOR 15898 shiny=False
2026-09-23T11:29:03.954+01:00 LAST SEEN FEED: emitted 5 Horde/wild payload(s) to Recent encounters (shiny=0)
2026-09-23T11:29:03.958+01:00 HORDE AUTHORITY COMMITTED: +5 Pokémon seen before escape
2026-09-23T11:29:16.692+01:00 RUN RECOVERY EXTENSION: battle still active after 24 causal Run taps; allowing up to 24 additional bounded Run taps (48 total)
2026-09-23T11:29:19.333+01:00 PARTY LIVE ORDER D25: source=RUNTIME_POINTER_CHAIN species=[120, 252, 265, 283, 261, 263]
2026-09-23T11:29:19.334+01:00 TIMING #72: field->encounter 11.721s • battle+return 18.546s • cycle 30.267s
2026-09-23T11:29:19.335+01:00 HF97 PHASE #72: boundary_wait 2.711s • pre_run_processing 0.451s • run_to_core_field 13.485s • postcore_field_authority 1.890s • accepted_run_attempt 26
2026-09-23T11:29:19.482+01:00 PASS #72: Horde x5 • Run tap 26 -> Route 102 grid [130, 133]
2026-09-23T11:29:19.589+01:00 AUTO SWEET SCENT RE-ARM: waiting 1.00 s after prior Horde field return before touchscreen route
2026-09-23T11:29:20.649+01:00 AUTO SWEET SCENT RE-ARM: PASS — battle inactive and anchor grid [130, 133] retained
2026-09-23T11:29:20.651+01:00 AUTO SWEET SCENT D25 TOUCH ROUTE: green Poké Ball (60,230) -> silver visible-slot-4 field icon (279, 119) -> Sweet Scent (170,104)
2026-09-23T11:29:20.927+01:00 AUTO SWEET SCENT TOUCH: GREEN_POKEBALL_PARTY xy=(60,230) touch_state=0x01F542FF completed=True
2026-09-23T11:29:22.952+01:00 AUTO SWEET SCENT TOUCH: SLOT4_SILVER_FIELD_ACTION xy=(279,119) touch_state=0x017EEDF2 completed=True
2026-09-23T11:29:23.991+01:00 AUTO SWEET SCENT TOUCH: SWEET_SCENT xy=(170,104) touch_state=0x016EE87F completed=True
2026-09-23T11:29:31.249+01:00 AUTO SWEET SCENT: battle active — Horde boundary acquired
2026-09-23T11:29:34.135+01:00 HORDE LEAD RAM REFRESH: Staryu moves=[55, 145, 129, 61] PP=[21, 30, 20, 20] source=RUNTIME_POINTER_CHAIN
2026-09-23T11:29:34.137+01:00 PARTY LIVE ORDER: battle pointer table -> species [120, 265, 283, 261, 263, 252] order [0, 2, 3, 4, 5, 1]
2026-09-23T11:29:34.198+01:00 #73 HORDE x5 [AUTO SWEET SCENT]: Zigzagoon, Zigzagoon, Zigzagoon, Zigzagoon, Zigzagoon
2026-09-23T11:29:34.199+01:00   slot0 Zigzagoon PID 0x7C036E2C XOR 53750 shiny=False
2026-09-23T11:29:34.200+01:00   slot1 Zigzagoon PID 0x86F0AC9D XOR 59828 shiny=False
2026-09-23T11:29:34.200+01:00   slot2 Zigzagoon PID 0x6BBA2640 XOR 36387 shiny=False
2026-09-23T11:29:34.201+01:00   slot3 Zigzagoon PID 0xDC249384 XOR 35961 shiny=False
2026-09-23T11:29:34.202+01:00   slot4 Zigzagoon PID 0xF17FB395 XOR 33075 shiny=False
2026-09-23T11:29:34.343+01:00 LAST SEEN FEED: emitted 5 Horde/wild payload(s) to Recent encounters (shiny=0)
2026-09-23T11:29:34.347+01:00 HORDE AUTHORITY COMMITTED: +5 Pokémon seen before escape
2026-09-23T11:29:47.251+01:00 RUN RECOVERY EXTENSION: battle still active after 24 causal Run taps; allowing up to 24 additional bounded Run taps (48 total)
2026-09-23T11:29:49.379+01:00 PARTY LIVE ORDER D25: source=RUNTIME_POINTER_CHAIN species=[120, 252, 265, 283, 261, 263]
2026-09-23T11:29:49.381+01:00 TIMING #73: field->encounter 11.767s • battle+return 18.131s • cycle 29.897s
2026-09-23T11:29:49.382+01:00 HF97 PHASE #73: boundary_wait 2.666s • pre_run_processing 0.424s • run_to_core_field 13.185s • postcore_field_authority 1.848s • accepted_run_attempt 25
2026-09-23T11:29:49.528+01:00 PASS #73: Horde x5 • Run tap 25 -> Route 102 grid [130, 133]
2026-09-23T11:29:49.631+01:00 AUTO SWEET SCENT RE-ARM: waiting 1.00 s after prior Horde field return before touchscreen route
2026-09-23T11:29:50.692+01:00 AUTO SWEET SCENT RE-ARM: PASS — battle inactive and anchor grid [130, 133] retained
2026-09-23T11:29:50.694+01:00 AUTO SWEET SCENT D25 TOUCH ROUTE: green Poké Ball (60,230) -> silver visible-slot-4 field icon (279, 119) -> Sweet Scent (170,104)
2026-09-23T11:29:50.986+01:00 AUTO SWEET SCENT TOUCH: GREEN_POKEBALL_PARTY xy=(60,230) touch_state=0x01F542FF completed=True
2026-09-23T11:29:53.038+01:00 AUTO SWEET SCENT TOUCH: SLOT4_SILVER_FIELD_ACTION xy=(279,119) touch_state=0x017EEDF2 completed=True
2026-09-23T11:29:54.086+01:00 AUTO SWEET SCENT TOUCH: SWEET_SCENT xy=(170,104) touch_state=0x016EE87F completed=True
2026-09-23T11:30:01.329+01:00 AUTO SWEET SCENT: battle active — Horde boundary acquired
2026-09-23T11:30:04.211+01:00 HORDE LEAD RAM REFRESH: Staryu moves=[55, 145, 129, 61] PP=[21, 30, 20, 20] source=RUNTIME_POINTER_CHAIN
2026-09-23T11:30:04.212+01:00 PARTY LIVE ORDER: battle pointer table -> species [120, 265, 283, 261, 263, 252] order [0, 2, 3, 4, 5, 1]
2026-09-23T11:30:04.273+01:00 #74 HORDE x5 [AUTO SWEET SCENT]: Zigzagoon, Zigzagoon, Zigzagoon, Zigzagoon, Zigzagoon
2026-09-23T11:30:04.274+01:00   slot0 Zigzagoon PID 0x3FE35043 XOR 44153 shiny=False
2026-09-23T11:30:04.275+01:00   slot1 Zigzagoon PID 0xC6C793B8 XOR 38566 shiny=False
2026-09-23T11:30:04.275+01:00   slot2 Zigzagoon PID 0x54DFE06C XOR 30570 shiny=False
2026-09-23T11:30:04.276+01:00   slot3 Zigzagoon PID 0x10617283 XOR 41275 shiny=False
2026-09-23T11:30:04.277+01:00   slot4 Zigzagoon PID 0x71270962 XOR 48028 shiny=False
2026-09-23T11:30:04.413+01:00 LAST SEEN FEED: emitted 5 Horde/wild payload(s) to Recent encounters (shiny=0)
2026-09-23T11:30:04.432+01:00 HORDE AUTHORITY COMMITTED: +5 Pokémon seen before escape
2026-09-23T11:30:17.223+01:00 RUN RECOVERY EXTENSION: battle still active after 24 causal Run taps; allowing up to 24 additional bounded Run taps (48 total)
2026-09-23T11:30:20.090+01:00 PARTY LIVE ORDER D25: source=RUNTIME_POINTER_CHAIN species=[120, 252, 265, 283, 261, 263]
2026-09-23T11:30:20.093+01:00 TIMING #74: field->encounter 11.801s • battle+return 18.762s • cycle 30.564s
2026-09-23T11:30:20.094+01:00 HF97 PHASE #74: boundary_wait 2.609s • pre_run_processing 0.484s • run_to_core_field 13.600s • postcore_field_authority 2.060s • accepted_run_attempt 26
2026-09-23T11:30:20.238+01:00 PASS #74: Horde x5 • Run tap 26 -> Route 102 grid [130, 133]
2026-09-23T11:30:20.344+01:00 AUTO SWEET SCENT RE-ARM: waiting 1.00 s after prior Horde field return before touchscreen route
2026-09-23T11:30:21.408+01:00 AUTO SWEET SCENT RE-ARM: PASS — battle inactive and anchor grid [130, 133] retained
2026-09-23T11:30:21.411+01:00 AUTO SWEET SCENT D25 TOUCH ROUTE: green Poké Ball (60,230) -> silver visible-slot-4 field icon (279, 119) -> Sweet Scent (170,104)
2026-09-23T11:30:21.711+01:00 AUTO SWEET SCENT TOUCH: GREEN_POKEBALL_PARTY xy=(60,230) touch_state=0x01F542FF completed=True
2026-09-23T11:30:23.736+01:00 AUTO SWEET SCENT TOUCH: SLOT4_SILVER_FIELD_ACTION xy=(279,119) touch_state=0x017EEDF2 completed=True
2026-09-23T11:30:24.760+01:00 AUTO SWEET SCENT TOUCH: SWEET_SCENT xy=(170,104) touch_state=0x016EE87F completed=True
2026-09-23T11:30:31.954+01:00 AUTO SWEET SCENT: battle active — Horde boundary acquired
2026-09-23T11:30:34.892+01:00 HORDE LEAD RAM REFRESH: Staryu moves=[55, 145, 129, 61] PP=[21, 30, 20, 20] source=RUNTIME_POINTER_CHAIN
2026-09-23T11:30:34.893+01:00 PARTY LIVE ORDER: battle pointer table -> species [120, 265, 283, 261, 263, 252] order [0, 2, 3, 4, 5, 1]
2026-09-23T11:30:34.955+01:00 #75 HORDE x5 [AUTO SWEET SCENT]: Zigzagoon, Zigzagoon, Zigzagoon, Zigzagoon, Zigzagoon
2026-09-23T11:30:34.956+01:00   slot0 Zigzagoon PID 0x8647A28B XOR 59157 shiny=False
2026-09-23T11:30:34.956+01:00   slot1 Zigzagoon PID 0x34E23110 XOR 50731 shiny=False
2026-09-23T11:30:34.957+01:00   slot2 Zigzagoon PID 0x48885B9C XOR 53453 shiny=False
2026-09-23T11:30:34.961+01:00   slot3 Zigzagoon PID 0xABC44A50 XOR 8781 shiny=False
2026-09-23T11:30:34.962+01:00   slot4 Zigzagoon PID 0x3C301990 XOR 59001 shiny=False
2026-09-23T11:30:35.091+01:00 LAST SEEN FEED: emitted 5 Horde/wild payload(s) to Recent encounters (shiny=0)
2026-09-23T11:30:35.096+01:00 HORDE AUTHORITY COMMITTED: +5 Pokémon seen before escape
2026-09-23T11:30:47.869+01:00 RUN RECOVERY EXTENSION: battle still active after 24 causal Run taps; allowing up to 24 additional bounded Run taps (48 total)
2026-09-23T11:30:50.030+01:00 PARTY LIVE ORDER D25: source=RUNTIME_POINTER_CHAIN species=[120, 252, 265, 283, 261, 263]
2026-09-23T11:30:50.033+01:00 TIMING #75: field->encounter 11.717s • battle+return 18.076s • cycle 29.793s
2026-09-23T11:30:50.034+01:00 HF97 PHASE #75: boundary_wait 2.732s • pre_run_processing 0.400s • run_to_core_field 13.051s • postcore_field_authority 1.883s • accepted_run_attempt 25
2026-09-23T11:30:50.175+01:00 PASS #75: Horde x5 • Run tap 25 -> Route 102 grid [130, 133]
2026-09-23T11:30:50.278+01:00 AUTO SWEET SCENT RE-ARM: waiting 1.00 s after prior Horde field return before touchscreen route
2026-09-23T11:30:51.338+01:00 AUTO SWEET SCENT RE-ARM: PASS — battle inactive and anchor grid [130, 133] retained
2026-09-23T11:30:51.340+01:00 AUTO SWEET SCENT D25 TOUCH ROUTE: green Poké Ball (60,230) -> silver visible-slot-4 field icon (279, 119) -> Sweet Scent (170,104)
2026-09-23T11:30:51.615+01:00 AUTO SWEET SCENT TOUCH: GREEN_POKEBALL_PARTY xy=(60,230) touch_state=0x01F542FF completed=True
2026-09-23T11:30:53.642+01:00 AUTO SWEET SCENT TOUCH: SLOT4_SILVER_FIELD_ACTION xy=(279,119) touch_state=0x017EEDF2 completed=True
2026-09-23T11:30:54.680+01:00 AUTO SWEET SCENT TOUCH: SWEET_SCENT xy=(170,104) touch_state=0x016EE87F completed=True
2026-09-23T11:31:01.900+01:00 AUTO SWEET SCENT: battle active — Horde boundary acquired
2026-09-23T11:31:04.772+01:00 HORDE LEAD RAM REFRESH: Staryu moves=[55, 145, 129, 61] PP=[21, 30, 20, 20] source=RUNTIME_POINTER_CHAIN
2026-09-23T11:31:04.774+01:00 PARTY LIVE ORDER: battle pointer table -> species [120, 265, 283, 261, 263, 252] order [0, 2, 3, 4, 5, 1]
2026-09-23T11:31:04.827+01:00 #76 HORDE x5 [AUTO SWEET SCENT]: Seedot, Seedot, Seedot, Seedot, Seedot
2026-09-23T11:31:04.829+01:00   slot0 Seedot PID 0x38B4EC07 XOR 5994 shiny=False
2026-09-23T11:31:04.830+01:00   slot1 Seedot PID 0x742A394C XOR 36543 shiny=False
2026-09-23T11:31:04.831+01:00   slot2 Seedot PID 0x22F938AA XOR 55690 shiny=False
2026-09-23T11:31:04.833+01:00   slot3 Seedot PID 0xD6DD0FE9 XOR 6893 shiny=False
2026-09-23T11:31:04.834+01:00   slot4 Seedot PID 0x1E1A28A9 XOR 62826 shiny=False
2026-09-23T11:31:04.957+01:00 LAST SEEN FEED: emitted 5 Horde/wild payload(s) to Recent encounters (shiny=0)
2026-09-23T11:31:04.974+01:00 HORDE AUTHORITY COMMITTED: +5 Pokémon seen before escape
2026-09-23T11:31:19.068+01:00 PARTY LIVE ORDER D25: source=RUNTIME_POINTER_CHAIN species=[120, 252, 265, 283, 261, 263]
2026-09-23T11:31:19.072+01:00 TIMING #76: field->encounter 11.725s • battle+return 17.169s • cycle 28.893s
2026-09-23T11:31:19.074+01:00 HF97 PHASE #76: boundary_wait 2.622s • pre_run_processing 0.414s • run_to_core_field 12.025s • postcore_field_authority 2.071s • accepted_run_attempt 24
2026-09-23T11:31:19.220+01:00 PASS #76: Horde x5 • Run tap 24 -> Route 102 grid [130, 133]
2026-09-23T11:31:19.314+01:00 AUTO SWEET SCENT RE-ARM: waiting 1.00 s after prior Horde field return before touchscreen route
2026-09-23T11:31:20.380+01:00 AUTO SWEET SCENT RE-ARM: PASS — battle inactive and anchor grid [130, 133] retained
2026-09-23T11:31:20.382+01:00 AUTO SWEET SCENT D25 TOUCH ROUTE: green Poké Ball (60,230) -> silver visible-slot-4 field icon (279, 119) -> Sweet Scent (170,104)
2026-09-23T11:31:20.655+01:00 AUTO SWEET SCENT TOUCH: GREEN_POKEBALL_PARTY xy=(60,230) touch_state=0x01F542FF completed=True
2026-09-23T11:31:22.687+01:00 AUTO SWEET SCENT TOUCH: SLOT4_SILVER_FIELD_ACTION xy=(279,119) touch_state=0x017EEDF2 completed=True
2026-09-23T11:31:23.710+01:00 AUTO SWEET SCENT TOUCH: SWEET_SCENT xy=(170,104) touch_state=0x016EE87F completed=True
2026-09-23T11:31:30.899+01:00 AUTO SWEET SCENT: battle active — Horde boundary acquired
2026-09-23T11:31:33.856+01:00 HORDE LEAD RAM REFRESH: Staryu moves=[55, 145, 129, 61] PP=[21, 30, 20, 20] source=RUNTIME_POINTER_CHAIN
2026-09-23T11:31:33.858+01:00 PARTY LIVE ORDER: battle pointer table -> species [120, 265, 283, 261, 263, 252] order [0, 2, 3, 4, 5, 1]
2026-09-23T11:31:33.926+01:00 #77 HORDE x5 [AUTO SWEET SCENT]: Zigzagoon, Zigzagoon, Zigzagoon, Zigzagoon, Zigzagoon
2026-09-23T11:31:33.927+01:00   slot0 Zigzagoon PID 0x414FDDDE XOR 24392 shiny=False
2026-09-23T11:31:33.928+01:00   slot1 Zigzagoon PID 0x11E8153F XOR 50958 shiny=False
2026-09-23T11:31:33.928+01:00   slot2 Zigzagoon PID 0xD0900188 XOR 4801 shiny=False
2026-09-23T11:31:33.929+01:00   slot3 Zigzagoon PID 0xC38708A9 XOR 2295 shiny=False
2026-09-23T11:31:33.931+01:00   slot4 Zigzagoon PID 0x570D0AC6 XOR 40466 shiny=False
2026-09-23T11:31:34.073+01:00 LAST SEEN FEED: emitted 5 Horde/wild payload(s) to Recent encounters (shiny=0)
2026-09-23T11:31:34.077+01:00 HORDE AUTHORITY COMMITTED: +5 Pokémon seen before escape
2026-09-23T11:31:46.799+01:00 RUN RECOVERY EXTENSION: battle still active after 24 causal Run taps; allowing up to 24 additional bounded Run taps (48 total)
2026-09-23T11:31:49.128+01:00 PARTY LIVE ORDER D25: source=RUNTIME_POINTER_CHAIN species=[120, 252, 265, 283, 261, 263]
2026-09-23T11:31:49.134+01:00 TIMING #77: field->encounter 11.679s • battle+return 18.232s • cycle 29.911s
2026-09-23T11:31:49.135+01:00 HF97 PHASE #77: boundary_wait 2.729s • pre_run_processing 0.440s • run_to_core_field 12.979s • postcore_field_authority 2.074s • accepted_run_attempt 25
2026-09-23T11:31:49.282+01:00 PASS #77: Horde x5 • Run tap 25 -> Route 102 grid [130, 133]
2026-09-23T11:31:49.390+01:00 AUTO SWEET SCENT RE-ARM: waiting 1.00 s after prior Horde field return before touchscreen route
2026-09-23T11:31:50.454+01:00 AUTO SWEET SCENT RE-ARM: PASS — battle inactive and anchor grid [130, 133] retained
2026-09-23T11:31:50.457+01:00 AUTO SWEET SCENT D25 TOUCH ROUTE: green Poké Ball (60,230) -> silver visible-slot-4 field icon (279, 119) -> Sweet Scent (170,104)
2026-09-23T11:31:50.737+01:00 AUTO SWEET SCENT TOUCH: GREEN_POKEBALL_PARTY xy=(60,230) touch_state=0x01F542FF completed=True
2026-09-23T11:31:52.760+01:00 AUTO SWEET SCENT TOUCH: SLOT4_SILVER_FIELD_ACTION xy=(279,119) touch_state=0x017EEDF2 completed=True
2026-09-23T11:31:53.785+01:00 AUTO SWEET SCENT TOUCH: SWEET_SCENT xy=(170,104) touch_state=0x016EE87F completed=True
2026-09-23T11:32:01.023+01:00 AUTO SWEET SCENT: battle active — Horde boundary acquired
2026-09-23T11:32:04.020+01:00 HORDE LEAD RAM REFRESH: Staryu moves=[55, 145, 129, 61] PP=[21, 30, 20, 20] source=RUNTIME_POINTER_CHAIN
2026-09-23T11:32:04.082+01:00 PARTY LIVE ORDER: battle pointer table -> species [120, 265, 283, 261, 263, 252] order [0, 2, 3, 4, 5, 1]
2026-09-23T11:32:04.204+01:00 #78 HORDE x5 [AUTO SWEET SCENT]: Seedot, Seedot, Seedot, Seedot, Seedot
2026-09-23T11:32:04.206+01:00   slot0 Seedot PID 0x64853F1E XOR 38978 shiny=False
2026-09-23T11:32:04.222+01:00   slot1 Seedot PID 0x37FB2089 XOR 54443 shiny=False
2026-09-23T11:32:04.267+01:00   slot2 Seedot PID 0x48EC5B94 XOR 53409 shiny=False
2026-09-23T11:32:04.327+01:00   slot3 Seedot PID 0xE3CC3913 XOR 6406 shiny=False
2026-09-23T11:32:04.329+01:00   slot4 Seedot PID 0x4C4A9CF1 XOR 4962 shiny=False
2026-09-23T11:32:08.126+01:00 LAST SEEN FEED: emitted 5 Horde/wild payload(s) to Recent encounters (shiny=0)
2026-09-23T11:32:08.140+01:00 HORDE AUTHORITY COMMITTED: +5 Pokémon seen before escape
2026-09-23T11:32:19.178+01:00 PARTY LIVE ORDER D25: source=RUNTIME_POINTER_CHAIN species=[120, 252, 265, 283, 261, 263]
2026-09-23T11:32:19.261+01:00 TIMING #78: field->encounter 11.742s • battle+return 18.236s • cycle 29.978s
2026-09-23T11:32:19.461+01:00 HF97 PHASE #78: boundary_wait 2.648s • pre_run_processing 4.448s • run_to_core_field 8.940s • postcore_field_authority 2.180s • accepted_run_attempt 17
2026-09-23T11:32:21.110+01:00 PASS #78: Horde x5 • Run tap 17 -> Route 102 grid [130, 133]
2026-09-23T11:32:21.184+01:00 AUTO SWEET SCENT RE-ARM: waiting 1.00 s after prior Horde field return before touchscreen route
2026-09-23T11:32:22.396+01:00 AUTO SWEET SCENT RE-ARM: PASS — battle inactive and anchor grid [130, 133] retained
2026-09-23T11:32:22.634+01:00 AUTO SWEET SCENT D25 TOUCH ROUTE: green Poké Ball (60,230) -> silver visible-slot-4 field icon (279, 119) -> Sweet Scent (170,104)
2026-09-23T11:32:22.914+01:00 AUTO SWEET SCENT TOUCH: GREEN_POKEBALL_PARTY xy=(60,230) touch_state=0x01F542FF completed=True
2026-09-23T11:32:25.080+01:00 AUTO SWEET SCENT TOUCH: SLOT4_SILVER_FIELD_ACTION xy=(279,119) touch_state=0x017EEDF2 completed=True
2026-09-23T11:32:26.360+01:00 AUTO SWEET SCENT TOUCH: SWEET_SCENT xy=(170,104) touch_state=0x016EE87F completed=True
2026-09-23T11:32:33.695+01:00 AUTO SWEET SCENT: battle active — Horde boundary acquired
2026-09-23T11:32:36.766+01:00 HORDE LEAD RAM REFRESH: Staryu moves=[55, 145, 129, 61] PP=[21, 30, 20, 20] source=RUNTIME_POINTER_CHAIN
2026-09-23T11:32:36.808+01:00 PARTY LIVE ORDER: battle pointer table -> species [120, 265, 283, 261, 263, 252] order [0, 2, 3, 4, 5, 1]
2026-09-23T11:32:38.361+01:00 #79 HORDE x5 [AUTO SWEET SCENT]: Zigzagoon, Zigzagoon, Zigzagoon, Zigzagoon, Zigzagoon
2026-09-23T11:32:38.496+01:00   slot0 Zigzagoon PID 0x176022A4 XOR 63005 shiny=False
2026-09-23T11:32:38.671+01:00   slot1 Zigzagoon PID 0x4A2CB20B XOR 15358 shiny=False
2026-09-23T11:32:38.672+01:00   slot2 Zigzagoon PID 0x52AFCA17 XOR 23393 shiny=False
2026-09-23T11:32:38.809+01:00   slot3 Zigzagoon PID 0x2D2047D8 XOR 43297 shiny=False
2026-09-23T11:32:38.809+01:00   slot4 Zigzagoon PID 0x58442AF2 XOR 45423 shiny=False
2026-09-23T11:32:42.159+01:00 LAST SEEN FEED: emitted 5 Horde/wild payload(s) to Recent encounters (shiny=0)
2026-09-23T11:32:42.236+01:00 HORDE AUTHORITY COMMITTED: +5 Pokémon seen before escape
2026-09-23T11:32:52.932+01:00 PARTY LIVE ORDER D25: source=RUNTIME_POINTER_CHAIN species=[120, 252, 265, 283, 261, 263]
2026-09-23T11:32:52.939+01:00 TIMING #79: field->encounter 12.587s • battle+return 19.236s • cycle 31.823s
2026-09-23T11:32:52.963+01:00 HF97 PHASE #79: boundary_wait 2.631s • pre_run_processing 5.905s • run_to_core_field 8.611s • postcore_field_authority 2.080s • accepted_run_attempt 17
2026-09-23T11:32:53.183+01:00 PASS #79: Horde x5 • Run tap 17 -> Route 102 grid [130, 133]
2026-09-23T11:32:53.301+01:00 AUTO SWEET SCENT RE-ARM: waiting 1.00 s after prior Horde field return before touchscreen route
2026-09-23T11:32:54.373+01:00 AUTO SWEET SCENT RE-ARM: PASS — battle inactive and anchor grid [130, 133] retained
2026-09-23T11:32:54.376+01:00 AUTO SWEET SCENT D25 TOUCH ROUTE: green Poké Ball (60,230) -> silver visible-slot-4 field icon (279, 119) -> Sweet Scent (170,104)
2026-09-23T11:32:54.680+01:00 AUTO SWEET SCENT TOUCH: GREEN_POKEBALL_PARTY xy=(60,230) touch_state=0x01F542FF completed=True
2026-09-23T11:32:56.837+01:00 AUTO SWEET SCENT TOUCH: SLOT4_SILVER_FIELD_ACTION xy=(279,119) touch_state=0x017EEDF2 completed=True
2026-09-23T11:32:57.917+01:00 AUTO SWEET SCENT TOUCH: SWEET_SCENT xy=(170,104) touch_state=0x016EE87F completed=True
2026-09-23T11:33:05.088+01:00 AUTO SWEET SCENT: battle active — Horde boundary acquired
2026-09-23T11:33:08.112+01:00 HORDE LEAD RAM REFRESH: Staryu moves=[55, 145, 129, 61] PP=[21, 30, 20, 20] source=RUNTIME_POINTER_CHAIN
2026-09-23T11:33:08.114+01:00 PARTY LIVE ORDER: battle pointer table -> species [120, 265, 283, 261, 263, 252] order [0, 2, 3, 4, 5, 1]
2026-09-23T11:33:08.170+01:00 #80 HORDE x5 [AUTO SWEET SCENT]: Seedot, Seedot, Seedot, Seedot, Seedot
2026-09-23T11:33:08.171+01:00   slot0 Seedot PID 0x24F550A5 XOR 46985 shiny=False
2026-09-23T11:33:08.176+01:00   slot1 Seedot PID 0x6AB6C889 XOR 25062 shiny=False
2026-09-23T11:33:08.178+01:00   slot2 Seedot PID 0xEA31FADF XOR 54071 shiny=False
2026-09-23T11:33:08.182+01:00   slot3 Seedot PID 0x4B0B4B77 XOR 50085 shiny=False
2026-09-23T11:33:08.184+01:00   slot4 Seedot PID 0x66A64DB3 XOR 59596 shiny=False
2026-09-23T11:33:08.428+01:00 LAST SEEN FEED: emitted 5 Horde/wild payload(s) to Recent encounters (shiny=0)
2026-09-23T11:33:08.443+01:00 HORDE AUTHORITY COMMITTED: +5 Pokémon seen before escape
2026-09-23T11:33:22.389+01:00 PARTY LIVE ORDER D25: source=RUNTIME_POINTER_CHAIN species=[120, 252, 265, 283, 261, 263]
2026-09-23T11:33:22.392+01:00 TIMING #80: field->encounter 11.877s • battle+return 17.302s • cycle 29.179s
2026-09-23T11:33:22.396+01:00 HF97 PHASE #80: boundary_wait 2.802s • pre_run_processing 0.544s • run_to_core_field 12.054s • postcore_field_authority 1.892s • accepted_run_attempt 24
2026-09-23T11:33:22.588+01:00 PASS #80: Horde x5 • Run tap 24 -> Route 102 grid [130, 133]
2026-09-23T11:33:22.745+01:00 AUTO SWEET SCENT RE-ARM: waiting 1.00 s after prior Horde field return before touchscreen route
2026-09-23T11:33:23.889+01:00 AUTO SWEET SCENT RE-ARM: PASS — battle inactive and anchor grid [130, 133] retained
2026-09-23T11:33:23.926+01:00 AUTO SWEET SCENT D25 TOUCH ROUTE: green Poké Ball (60,230) -> silver visible-slot-4 field icon (279, 119) -> Sweet Scent (170,104)
2026-09-23T11:33:24.205+01:00 AUTO SWEET SCENT TOUCH: GREEN_POKEBALL_PARTY xy=(60,230) touch_state=0x01F542FF completed=True
2026-09-23T11:33:26.289+01:00 AUTO SWEET SCENT TOUCH: SLOT4_SILVER_FIELD_ACTION xy=(279,119) touch_state=0x017EEDF2 completed=True
2026-09-23T11:33:27.442+01:00 AUTO SWEET SCENT TOUCH: SWEET_SCENT xy=(170,104) touch_state=0x016EE87F completed=True
2026-09-23T11:33:34.563+01:00 AUTO SWEET SCENT: battle active — Horde boundary acquired
2026-09-23T11:33:37.594+01:00 HORDE LEAD RAM REFRESH: Staryu moves=[55, 145, 129, 61] PP=[21, 30, 20, 20] source=RUNTIME_POINTER_CHAIN
2026-09-23T11:33:37.599+01:00 PARTY LIVE ORDER: battle pointer table -> species [120, 265, 283, 261, 263, 252] order [0, 2, 3, 4, 5, 1]
2026-09-23T11:33:37.758+01:00 #81 HORDE x5 [AUTO SWEET SCENT]: Zigzagoon, Zigzagoon, Zigzagoon, Zigzagoon, Zigzagoon
2026-09-23T11:33:37.759+01:00   slot0 Zigzagoon PID 0x75679E82 XOR 10300 shiny=False
2026-09-23T11:33:37.859+01:00   slot1 Zigzagoon PID 0xF7C1DDFB XOR 59875 shiny=False
2026-09-23T11:33:37.929+01:00   slot2 Zigzagoon PID 0xDA9B91FE XOR 35004 shiny=False
2026-09-23T11:33:37.932+01:00   slot3 Zigzagoon PID 0x9955DF0C XOR 34176 shiny=False
2026-09-23T11:33:38.026+01:00   slot4 Zigzagoon PID 0x4594D61E XOR 20563 shiny=False
2026-09-23T11:33:39.427+01:00 LAST SEEN FEED: emitted 5 Horde/wild payload(s) to Recent encounters (shiny=0)
2026-09-23T11:33:39.445+01:00 HORDE AUTHORITY COMMITTED: +5 Pokémon seen before escape
2026-09-23T11:33:53.269+01:00 PARTY LIVE ORDER D25: source=RUNTIME_POINTER_CHAIN species=[120, 252, 265, 283, 261, 263]
2026-09-23T11:33:53.535+01:00 TIMING #81: field->encounter 11.979s • battle+return 18.963s • cycle 30.942s
2026-09-23T11:33:53.537+01:00 HF97 PHASE #81: boundary_wait 2.793s • pre_run_processing 2.079s • run_to_core_field 11.957s • postcore_field_authority 2.128s • accepted_run_attempt 22
2026-09-23T11:33:54.508+01:00 PASS #81: Horde x5 • Run tap 22 -> Route 102 grid [130, 133]
2026-09-23T11:33:54.584+01:00 AUTO SWEET SCENT RE-ARM: waiting 1.00 s after prior Horde field return before touchscreen route
2026-09-23T11:33:55.675+01:00 AUTO SWEET SCENT RE-ARM: PASS — battle inactive and anchor grid [130, 133] retained
2026-09-23T11:33:55.680+01:00 AUTO SWEET SCENT D25 TOUCH ROUTE: green Poké Ball (60,230) -> silver visible-slot-4 field icon (279, 119) -> Sweet Scent (170,104)
2026-09-23T11:33:55.980+01:00 AUTO SWEET SCENT TOUCH: GREEN_POKEBALL_PARTY xy=(60,230) touch_state=0x01F542FF completed=True
2026-09-23T11:33:58.073+01:00 AUTO SWEET SCENT TOUCH: SLOT4_SILVER_FIELD_ACTION xy=(279,119) touch_state=0x017EEDF2 completed=True
2026-09-23T11:33:59.243+01:00 AUTO SWEET SCENT TOUCH: SWEET_SCENT xy=(170,104) touch_state=0x016EE87F completed=True
2026-09-23T11:34:06.334+01:00 AUTO SWEET SCENT: battle active — Horde boundary acquired
2026-09-23T11:34:09.524+01:00 HORDE LEAD RAM REFRESH: Staryu moves=[55, 145, 129, 61] PP=[21, 30, 20, 20] source=RUNTIME_POINTER_CHAIN
2026-09-23T11:34:09.715+01:00 PARTY LIVE ORDER: battle pointer table -> species [120, 265, 283, 261, 263, 252] order [0, 2, 3, 4, 5, 1]
2026-09-23T11:34:09.807+01:00 #82 HORDE x5 [AUTO SWEET SCENT]: Zigzagoon, Zigzagoon, Zigzagoon, Zigzagoon, Zigzagoon
2026-09-23T11:34:09.821+01:00   slot0 Zigzagoon PID 0x221E8F50 XOR 28311 shiny=False
2026-09-23T11:34:09.825+01:00   slot1 Zigzagoon PID 0x82F04B61 XOR 2632 shiny=False
2026-09-23T11:34:09.827+01:00   slot2 Zigzagoon PID 0x6A0F290C XOR 32986 shiny=False
2026-09-23T11:34:09.830+01:00   slot3 Zigzagoon PID 0xD943A0E9 XOR 47731 shiny=False
2026-09-23T11:34:09.832+01:00   slot4 Zigzagoon PID 0xBC026D68 XOR 4787 shiny=False
2026-09-23T11:34:10.095+01:00 LAST SEEN FEED: emitted 5 Horde/wild payload(s) to Recent encounters (shiny=0)
2026-09-23T11:34:10.133+01:00 HORDE AUTHORITY COMMITTED: +5 Pokémon seen before escape
2026-09-23T11:34:22.863+01:00 RUN RECOVERY EXTENSION: battle still active after 24 causal Run taps; allowing up to 24 additional bounded Run taps (48 total)
2026-09-23T11:34:24.678+01:00 PARTY LIVE ORDER D25: source=RUNTIME_POINTER_CHAIN species=[120, 252, 265, 283, 261, 263]
2026-09-23T11:34:24.690+01:00 TIMING #82: field->encounter 11.824s • battle+return 18.350s • cycle 30.174s
2026-09-23T11:34:24.698+01:00 HF97 PHASE #82: boundary_wait 2.633s • pre_run_processing 1.158s • run_to_core_field 12.818s • postcore_field_authority 1.734s • accepted_run_attempt None
2026-09-23T11:34:24.977+01:00 PASS #82: Horde x5 • Run tap None -> Route 102 grid [130, 133]
2026-09-23T11:34:25.044+01:00 AUTO SWEET SCENT RE-ARM: waiting 1.00 s after prior Horde field return before touchscreen route
2026-09-23T11:34:26.111+01:00 AUTO SWEET SCENT RE-ARM: PASS — battle inactive and anchor grid [130, 133] retained
2026-09-23T11:34:26.114+01:00 AUTO SWEET SCENT D25 TOUCH ROUTE: green Poké Ball (60,230) -> silver visible-slot-4 field icon (279, 119) -> Sweet Scent (170,104)
2026-09-23T11:34:26.422+01:00 AUTO SWEET SCENT TOUCH: GREEN_POKEBALL_PARTY xy=(60,230) touch_state=0x01F542FF completed=True
2026-09-23T11:34:28.457+01:00 AUTO SWEET SCENT TOUCH: SLOT4_SILVER_FIELD_ACTION xy=(279,119) touch_state=0x017EEDF2 completed=True
2026-09-23T11:34:29.485+01:00 AUTO SWEET SCENT TOUCH: SWEET_SCENT xy=(170,104) touch_state=0x016EE87F completed=True
2026-09-23T11:34:36.740+01:00 AUTO SWEET SCENT: battle active — Horde boundary acquired
2026-09-23T11:34:39.738+01:00 HORDE LEAD RAM REFRESH: Staryu moves=[55, 145, 129, 61] PP=[21, 30, 20, 20] source=RUNTIME_POINTER_CHAIN
2026-09-23T11:34:39.785+01:00 PARTY LIVE ORDER: battle pointer table -> species [120, 265, 283, 261, 263, 252] order [0, 2, 3, 4, 5, 1]
2026-09-23T11:34:39.875+01:00 #83 HORDE x5 [AUTO SWEET SCENT]: Zigzagoon, Zigzagoon, Zigzagoon, Zigzagoon, Zigzagoon
2026-09-23T11:34:39.878+01:00   slot0 Zigzagoon PID 0xF37A47E1 XOR 30530 shiny=False
2026-09-23T11:34:39.884+01:00   slot1 Zigzagoon PID 0xB8BECBBE XOR 45273 shiny=False
2026-09-23T11:34:40.096+01:00   slot2 Zigzagoon PID 0xA4F1CE7C XOR 43348 shiny=False
2026-09-23T11:34:40.100+01:00   slot3 Zigzagoon PID 0x347881A5 XOR 30212 shiny=False
2026-09-23T11:34:40.102+01:00   slot4 Zigzagoon PID 0xF3807829 XOR 18544 shiny=False
2026-09-23T11:34:41.358+01:00 LAST SEEN FEED: emitted 5 Horde/wild payload(s) to Recent encounters (shiny=0)
2026-09-23T11:34:41.391+01:00 HORDE AUTHORITY COMMITTED: +5 Pokémon seen before escape
2026-09-23T11:34:54.503+01:00 PARTY LIVE ORDER D25: source=RUNTIME_POINTER_CHAIN species=[120, 252, 265, 283, 261, 263]
2026-09-23T11:34:54.506+01:00 TIMING #83: field->encounter 11.764s • battle+return 17.763s • cycle 29.527s
2026-09-23T11:34:54.508+01:00 HF97 PHASE #83: boundary_wait 2.643s • pre_run_processing 1.999s • run_to_core_field 11.227s • postcore_field_authority 1.887s • accepted_run_attempt 22
2026-09-23T11:34:54.748+01:00 PASS #83: Horde x5 • Run tap 22 -> Route 102 grid [130, 133]
2026-09-23T11:34:54.810+01:00 AUTO SWEET SCENT RE-ARM: waiting 1.00 s after prior Horde field return before touchscreen route
2026-09-23T11:34:55.874+01:00 AUTO SWEET SCENT RE-ARM: PASS — battle inactive and anchor grid [130, 133] retained
2026-09-23T11:34:55.876+01:00 AUTO SWEET SCENT D25 TOUCH ROUTE: green Poké Ball (60,230) -> silver visible-slot-4 field icon (279, 119) -> Sweet Scent (170,104)
2026-09-23T11:34:56.156+01:00 AUTO SWEET SCENT TOUCH: GREEN_POKEBALL_PARTY xy=(60,230) touch_state=0x01F542FF completed=True
2026-09-23T11:34:58.184+01:00 AUTO SWEET SCENT TOUCH: SLOT4_SILVER_FIELD_ACTION xy=(279,119) touch_state=0x017EEDF2 completed=True
2026-09-23T11:34:59.217+01:00 AUTO SWEET SCENT TOUCH: SWEET_SCENT xy=(170,104) touch_state=0x016EE87F completed=True
2026-09-23T11:35:06.443+01:00 AUTO SWEET SCENT: battle active — Horde boundary acquired
2026-09-23T11:35:09.302+01:00 HORDE LEAD RAM REFRESH: Staryu moves=[55, 145, 129, 61] PP=[21, 30, 20, 20] source=RUNTIME_POINTER_CHAIN
2026-09-23T11:35:09.306+01:00 PARTY LIVE ORDER: battle pointer table -> species [120, 265, 283, 261, 263, 252] order [0, 2, 3, 4, 5, 1]
2026-09-23T11:35:09.351+01:00 #84 HORDE x5 [AUTO SWEET SCENT]: Seedot, Seedot, Seedot, Seedot, Seedot
2026-09-23T11:35:09.352+01:00   slot0 Seedot PID 0xAA0D8636 XOR 61410 shiny=False
2026-09-23T11:35:09.354+01:00   slot1 Seedot PID 0x9D60A02A XOR 65171 shiny=False
2026-09-23T11:35:09.356+01:00   slot2 Seedot PID 0xE2270A6B XOR 11157 shiny=False
2026-09-23T11:35:09.358+01:00   slot3 Seedot PID 0x7AAE59AA XOR 57565 shiny=False
2026-09-23T11:35:09.359+01:00   slot4 Seedot PID 0x4A83626A XOR 60208 shiny=False
2026-09-23T11:35:09.529+01:00 LAST SEEN FEED: emitted 5 Horde/wild payload(s) to Recent encounters (shiny=0)
2026-09-23T11:35:09.544+01:00 HORDE AUTHORITY COMMITTED: +5 Pokémon seen before escape
2026-09-23T11:35:23.664+01:00 PARTY LIVE ORDER D25: source=RUNTIME_POINTER_CHAIN species=[120, 252, 265, 283, 261, 263]
2026-09-23T11:35:23.668+01:00 TIMING #84: field->encounter 11.694s • battle+return 17.223s • cycle 28.918s
2026-09-23T11:35:23.669+01:00 HF97 PHASE #84: boundary_wait 2.637s • pre_run_processing 0.455s • run_to_core_field 12.124s • postcore_field_authority 1.998s • accepted_run_attempt 24
2026-09-23T11:35:23.866+01:00 PASS #84: Horde x5 • Run tap 24 -> Route 102 grid [130, 133]
2026-09-23T11:35:23.927+01:00 AUTO SWEET SCENT RE-ARM: waiting 1.00 s after prior Horde field return before touchscreen route
2026-09-23T11:35:24.997+01:00 AUTO SWEET SCENT RE-ARM: PASS — battle inactive and anchor grid [130, 133] retained
2026-09-23T11:35:25.006+01:00 AUTO SWEET SCENT D25 TOUCH ROUTE: green Poké Ball (60,230) -> silver visible-slot-4 field icon (279, 119) -> Sweet Scent (170,104)
2026-09-23T11:35:25.284+01:00 AUTO SWEET SCENT TOUCH: GREEN_POKEBALL_PARTY xy=(60,230) touch_state=0x01F542FF completed=True
2026-09-23T11:35:27.311+01:00 AUTO SWEET SCENT TOUCH: SLOT4_SILVER_FIELD_ACTION xy=(279,119) touch_state=0x017EEDF2 completed=True
2026-09-23T11:35:28.357+01:00 AUTO SWEET SCENT TOUCH: SWEET_SCENT xy=(170,104) touch_state=0x016EE87F completed=True
2026-09-23T11:35:35.494+01:00 AUTO SWEET SCENT: battle active — Horde boundary acquired
2026-09-23T11:35:38.432+01:00 HORDE LEAD RAM REFRESH: Staryu moves=[55, 145, 129, 61] PP=[21, 30, 20, 20] source=RUNTIME_POINTER_CHAIN
2026-09-23T11:35:38.436+01:00 PARTY LIVE ORDER: battle pointer table -> species [120, 265, 283, 261, 263, 252] order [0, 2, 3, 4, 5, 1]
2026-09-23T11:35:38.487+01:00 #85 HORDE x5 [AUTO SWEET SCENT]: Zigzagoon, Zigzagoon, Zigzagoon, Zigzagoon, Zigzagoon
2026-09-23T11:35:38.489+01:00   slot0 Zigzagoon PID 0x7123F597 XOR 18285 shiny=False
2026-09-23T11:35:38.493+01:00   slot1 Zigzagoon PID 0x654A8D53 XOR 11200 shiny=False
2026-09-23T11:35:38.496+01:00   slot2 Zigzagoon PID 0xFF1242B1 XOR 32378 shiny=False
2026-09-23T11:35:38.498+01:00   slot3 Zigzagoon PID 0xCFB5CC0F XOR 49251 shiny=False
2026-09-23T11:35:38.500+01:00   slot4 Zigzagoon PID 0x2970128F XOR 63526 shiny=False
2026-09-23T11:35:38.661+01:00 LAST SEEN FEED: emitted 5 Horde/wild payload(s) to Recent encounters (shiny=0)
2026-09-23T11:35:38.682+01:00 HORDE AUTHORITY COMMITTED: +5 Pokémon seen before escape
2026-09-23T11:35:51.396+01:00 RUN RECOVERY EXTENSION: battle still active after 24 causal Run taps; allowing up to 24 additional bounded Run taps (48 total)
2026-09-23T11:35:54.233+01:00 PARTY LIVE ORDER D25: source=RUNTIME_POINTER_CHAIN species=[120, 252, 265, 283, 261, 263]
2026-09-23T11:35:54.237+01:00 TIMING #85: field->encounter 11.627s • battle+return 18.741s • cycle 30.368s
2026-09-23T11:35:54.238+01:00 HF97 PHASE #85: boundary_wait 2.708s • pre_run_processing 0.476s • run_to_core_field 13.496s • postcore_field_authority 2.053s • accepted_run_attempt 26
2026-09-23T11:35:55.039+01:00 PASS #85: Horde x5 • Run tap 26 -> Route 102 grid [130, 133]
2026-09-23T11:35:55.121+01:00 AUTO SWEET SCENT RE-ARM: waiting 1.00 s after prior Horde field return before touchscreen route
2026-09-23T11:35:56.185+01:00 AUTO SWEET SCENT RE-ARM: PASS — battle inactive and anchor grid [130, 133] retained
2026-09-23T11:35:56.188+01:00 AUTO SWEET SCENT D25 TOUCH ROUTE: green Poké Ball (60,230) -> silver visible-slot-4 field icon (279, 119) -> Sweet Scent (170,104)
2026-09-23T11:35:56.466+01:00 AUTO SWEET SCENT TOUCH: GREEN_POKEBALL_PARTY xy=(60,230) touch_state=0x01F542FF completed=True
2026-09-23T11:35:58.484+01:00 AUTO SWEET SCENT TOUCH: SLOT4_SILVER_FIELD_ACTION xy=(279,119) touch_state=0x017EEDF2 completed=True
2026-09-23T11:35:59.531+01:00 AUTO SWEET SCENT TOUCH: SWEET_SCENT xy=(170,104) touch_state=0x016EE87F completed=True
2026-09-23T11:36:06.733+01:00 AUTO SWEET SCENT: battle active — Horde boundary acquired
2026-09-23T11:36:09.692+01:00 HORDE LEAD RAM REFRESH: Staryu moves=[55, 145, 129, 61] PP=[21, 30, 20, 20] source=RUNTIME_POINTER_CHAIN
2026-09-23T11:36:09.695+01:00 PARTY LIVE ORDER: battle pointer table -> species [120, 265, 283, 261, 263, 252] order [0, 2, 3, 4, 5, 1]
2026-09-23T11:36:09.761+01:00 #86 HORDE x5 [AUTO SWEET SCENT]: Zigzagoon, Zigzagoon, Zigzagoon, Zigzagoon, Zigzagoon
2026-09-23T11:36:09.762+01:00   slot0 Zigzagoon PID 0x04A6F50C XOR 12915 shiny=False
2026-09-23T11:36:09.762+01:00   slot1 Zigzagoon PID 0x15D13DBC XOR 60340 shiny=False
2026-09-23T11:36:09.763+01:00   slot2 Zigzagoon PID 0x70567B50 XOR 51423 shiny=False
2026-09-23T11:36:09.764+01:00   slot3 Zigzagoon PID 0xB16CD47F XOR 42698 shiny=False
2026-09-23T11:36:09.765+01:00   slot4 Zigzagoon PID 0xE43E58D0 XOR 32567 shiny=False
2026-09-23T11:36:09.903+01:00 LAST SEEN FEED: emitted 5 Horde/wild payload(s) to Recent encounters (shiny=0)
2026-09-23T11:36:09.909+01:00 HORDE AUTHORITY COMMITTED: +5 Pokémon seen before escape
2026-09-23T11:36:22.632+01:00 RUN RECOVERY EXTENSION: battle still active after 24 causal Run taps; allowing up to 24 additional bounded Run taps (48 total)
2026-09-23T11:36:25.446+01:00 PARTY LIVE ORDER D25: source=RUNTIME_POINTER_CHAIN species=[120, 252, 265, 283, 261, 263]
2026-09-23T11:36:25.447+01:00 TIMING #86: field->encounter 11.692s • battle+return 18.713s • cycle 30.405s
2026-09-23T11:36:25.449+01:00 HF97 PHASE #86: boundary_wait 2.747s • pre_run_processing 0.423s • run_to_core_field 13.516s • postcore_field_authority 2.020s • accepted_run_attempt 26
2026-09-23T11:36:25.600+01:00 PASS #86: Horde x5 • Run tap 26 -> Route 102 grid [130, 133]
2026-09-23T11:36:25.699+01:00 AUTO SWEET SCENT RE-ARM: waiting 1.00 s after prior Horde field return before touchscreen route
2026-09-23T11:36:26.762+01:00 AUTO SWEET SCENT RE-ARM: PASS — battle inactive and anchor grid [130, 133] retained
2026-09-23T11:36:26.763+01:00 AUTO SWEET SCENT D25 TOUCH ROUTE: green Poké Ball (60,230) -> silver visible-slot-4 field icon (279, 119) -> Sweet Scent (170,104)
2026-09-23T11:36:27.043+01:00 AUTO SWEET SCENT TOUCH: GREEN_POKEBALL_PARTY xy=(60,230) touch_state=0x01F542FF completed=True
2026-09-23T11:36:29.068+01:00 AUTO SWEET SCENT TOUCH: SLOT4_SILVER_FIELD_ACTION xy=(279,119) touch_state=0x017EEDF2 completed=True
2026-09-23T11:36:30.093+01:00 AUTO SWEET SCENT TOUCH: SWEET_SCENT xy=(170,104) touch_state=0x016EE87F completed=True
2026-09-23T11:36:37.288+01:00 AUTO SWEET SCENT: battle active — Horde boundary acquired
2026-09-23T11:36:40.180+01:00 HORDE LEAD RAM REFRESH: Staryu moves=[55, 145, 129, 61] PP=[21, 30, 20, 20] source=RUNTIME_POINTER_CHAIN
2026-09-23T11:36:40.181+01:00 PARTY LIVE ORDER: battle pointer table -> species [120, 265, 283, 261, 263, 252] order [0, 2, 3, 4, 5, 1]
2026-09-23T11:36:40.245+01:00 #87 HORDE x5 [AUTO SWEET SCENT]: Zigzagoon, Zigzagoon, Zigzagoon, Zigzagoon, Zigzagoon
2026-09-23T11:36:40.246+01:00   slot0 Zigzagoon PID 0x38ADDA95 XOR 8673 shiny=False
2026-09-23T11:36:40.247+01:00   slot1 Zigzagoon PID 0xF7488174 XOR 46565 shiny=False
2026-09-23T11:36:40.248+01:00   slot2 Zigzagoon PID 0xA7756FD2 XOR 2942 shiny=False
2026-09-23T11:36:40.248+01:00   slot3 Zigzagoon PID 0x87ABA316 XOR 59236 shiny=False
2026-09-23T11:36:40.249+01:00   slot4 Zigzagoon PID 0x7E4FE261 XOR 24567 shiny=False
2026-09-23T11:36:40.385+01:00 LAST SEEN FEED: emitted 5 Horde/wild payload(s) to Recent encounters (shiny=0)
2026-09-23T11:36:40.404+01:00 HORDE AUTHORITY COMMITTED: +5 Pokémon seen before escape
2026-09-23T11:36:55.998+01:00 PARTY LIVE ORDER D25: source=RUNTIME_POINTER_CHAIN species=[120, 252, 265, 283, 261, 263]
2026-09-23T11:36:56.000+01:00 TIMING #87: field->encounter 11.688s • battle+return 18.711s • cycle 30.399s
2026-09-23T11:36:56.002+01:00 HF97 PHASE #87: boundary_wait 2.672s • pre_run_processing 0.442s • run_to_core_field 13.665s • postcore_field_authority 1.925s • accepted_run_attempt 24
2026-09-23T11:36:56.164+01:00 PASS #87: Horde x5 • Run tap 24 -> Route 102 grid [130, 133]
2026-09-23T11:36:56.260+01:00 AUTO SWEET SCENT RE-ARM: waiting 1.00 s after prior Horde field return before touchscreen route
2026-09-23T11:36:57.325+01:00 AUTO SWEET SCENT RE-ARM: PASS — battle inactive and anchor grid [130, 133] retained
2026-09-23T11:36:57.326+01:00 AUTO SWEET SCENT D25 TOUCH ROUTE: green Poké Ball (60,230) -> silver visible-slot-4 field icon (279, 119) -> Sweet Scent (170,104)
2026-09-23T11:36:57.601+01:00 AUTO SWEET SCENT TOUCH: GREEN_POKEBALL_PARTY xy=(60,230) touch_state=0x01F542FF completed=True
2026-09-23T11:36:59.626+01:00 AUTO SWEET SCENT TOUCH: SLOT4_SILVER_FIELD_ACTION xy=(279,119) touch_state=0x017EEDF2 completed=True
2026-09-23T11:37:00.656+01:00 AUTO SWEET SCENT TOUCH: SWEET_SCENT xy=(170,104) touch_state=0x016EE87F completed=True
2026-09-23T11:37:07.898+01:00 AUTO SWEET SCENT: battle active — Horde boundary acquired
2026-09-23T11:37:10.744+01:00 HORDE LEAD RAM REFRESH: Staryu moves=[55, 145, 129, 61] PP=[21, 30, 20, 20] source=RUNTIME_POINTER_CHAIN
2026-09-23T11:37:10.746+01:00 PARTY LIVE ORDER: battle pointer table -> species [120, 265, 283, 261, 263, 252] order [0, 2, 3, 4, 5, 1]
2026-09-23T11:37:10.806+01:00 #88 HORDE x5 [AUTO SWEET SCENT]: Zigzagoon, Zigzagoon, Zigzagoon, Zigzagoon, Zigzagoon
2026-09-23T11:37:10.809+01:00   slot0 Zigzagoon PID 0xAF0E6312 XOR 4037 shiny=False
2026-09-23T11:37:10.810+01:00   slot1 Zigzagoon PID 0x68E37890 XOR 54186 shiny=False
2026-09-23T11:37:10.811+01:00   slot2 Zigzagoon PID 0x44E38E59 XOR 2403 shiny=False
2026-09-23T11:37:10.812+01:00   slot3 Zigzagoon PID 0x6DF0FD65 XOR 21324 shiny=False
2026-09-23T11:37:10.812+01:00   slot4 Zigzagoon PID 0x40C9096F XOR 35455 shiny=False
2026-09-23T11:37:10.955+01:00 LAST SEEN FEED: emitted 5 Horde/wild payload(s) to Recent encounters (shiny=0)
2026-09-23T11:37:10.959+01:00 HORDE AUTHORITY COMMITTED: +5 Pokémon seen before escape
2026-09-23T11:37:26.650+01:00 PARTY LIVE ORDER D25: source=RUNTIME_POINTER_CHAIN species=[120, 252, 265, 283, 261, 263]
2026-09-23T11:37:26.653+01:00 TIMING #88: field->encounter 11.734s • battle+return 18.754s • cycle 30.488s
2026-09-23T11:37:26.654+01:00 HF97 PHASE #88: boundary_wait 2.627s • pre_run_processing 0.428s • run_to_core_field 13.608s • postcore_field_authority 2.084s • accepted_run_attempt 23
2026-09-23T11:37:26.804+01:00 PASS #88: Horde x5 • Run tap 23 -> Route 102 grid [130, 133]
2026-09-23T11:37:26.887+01:00 AUTO SWEET SCENT RE-ARM: waiting 1.00 s after prior Horde field return before touchscreen route
2026-09-23T11:37:27.952+01:00 AUTO SWEET SCENT RE-ARM: PASS — battle inactive and anchor grid [130, 133] retained
2026-09-23T11:37:27.954+01:00 AUTO SWEET SCENT D25 TOUCH ROUTE: green Poké Ball (60,230) -> silver visible-slot-4 field icon (279, 119) -> Sweet Scent (170,104)
2026-09-23T11:37:28.238+01:00 AUTO SWEET SCENT TOUCH: GREEN_POKEBALL_PARTY xy=(60,230) touch_state=0x01F542FF completed=True
2026-09-23T11:37:30.263+01:00 AUTO SWEET SCENT TOUCH: SLOT4_SILVER_FIELD_ACTION xy=(279,119) touch_state=0x017EEDF2 completed=True
2026-09-23T11:37:31.296+01:00 AUTO SWEET SCENT TOUCH: SWEET_SCENT xy=(170,104) touch_state=0x016EE87F completed=True
2026-09-23T11:37:38.521+01:00 AUTO SWEET SCENT: battle active — Horde boundary acquired
2026-09-23T11:37:41.420+01:00 HORDE LEAD RAM REFRESH: Staryu moves=[55, 145, 129, 61] PP=[21, 30, 20, 20] source=RUNTIME_POINTER_CHAIN
2026-09-23T11:37:41.422+01:00 PARTY LIVE ORDER: battle pointer table -> species [120, 265, 283, 261, 263, 252] order [0, 2, 3, 4, 5, 1]
2026-09-23T11:37:41.483+01:00 #89 HORDE x5 [AUTO SWEET SCENT]: Zigzagoon, Zigzagoon, Zigzagoon, Zigzagoon, Zigzagoon
2026-09-23T11:37:41.484+01:00   slot0 Zigzagoon PID 0x28642AFB XOR 49478 shiny=False
2026-09-23T11:37:41.485+01:00   slot1 Zigzagoon PID 0xB28C589D XOR 10696 shiny=False
2026-09-23T11:37:41.486+01:00   slot2 Zigzagoon PID 0x10DBACD8 XOR 32730 shiny=False
2026-09-23T11:37:41.487+01:00   slot3 Zigzagoon PID 0xC5CD9C79 XOR 39533 shiny=False
2026-09-23T11:37:41.488+01:00   slot4 Zigzagoon PID 0xFE3D261E XOR 7162 shiny=False
2026-09-23T11:37:41.618+01:00 LAST SEEN FEED: emitted 5 Horde/wild payload(s) to Recent encounters (shiny=0)
2026-09-23T11:37:41.626+01:00 HORDE AUTHORITY COMMITTED: +5 Pokémon seen before escape
2026-09-23T11:37:54.327+01:00 RUN RECOVERY EXTENSION: battle still active after 24 causal Run taps; allowing up to 24 additional bounded Run taps (48 total)
2026-09-23T11:37:56.989+01:00 PARTY LIVE ORDER D25: source=RUNTIME_POINTER_CHAIN species=[120, 252, 265, 283, 261, 263]
2026-09-23T11:37:56.991+01:00 TIMING #89: field->encounter 11.717s • battle+return 18.468s • cycle 30.185s
2026-09-23T11:37:56.994+01:00 HF97 PHASE #89: boundary_wait 2.675s • pre_run_processing 0.423s • run_to_core_field 13.500s • postcore_field_authority 1.863s • accepted_run_attempt 26
2026-09-23T11:37:57.145+01:00 PASS #89: Horde x5 • Run tap 26 -> Route 102 grid [130, 133]
2026-09-23T11:37:57.236+01:00 AUTO SWEET SCENT RE-ARM: waiting 1.00 s after prior Horde field return before touchscreen route
2026-09-23T11:37:58.300+01:00 AUTO SWEET SCENT RE-ARM: PASS — battle inactive and anchor grid [130, 133] retained
2026-09-23T11:37:58.302+01:00 AUTO SWEET SCENT D25 TOUCH ROUTE: green Poké Ball (60,230) -> silver visible-slot-4 field icon (279, 119) -> Sweet Scent (170,104)
2026-09-23T11:37:58.575+01:00 AUTO SWEET SCENT TOUCH: GREEN_POKEBALL_PARTY xy=(60,230) touch_state=0x01F542FF completed=True
2026-09-23T11:38:00.605+01:00 AUTO SWEET SCENT TOUCH: SLOT4_SILVER_FIELD_ACTION xy=(279,119) touch_state=0x017EEDF2 completed=True
2026-09-23T11:38:01.643+01:00 AUTO SWEET SCENT TOUCH: SWEET_SCENT xy=(170,104) touch_state=0x016EE87F completed=True
2026-09-23T11:38:08.859+01:00 AUTO SWEET SCENT: battle active — Horde boundary acquired
2026-09-23T11:38:11.754+01:00 HORDE LEAD RAM REFRESH: Staryu moves=[55, 145, 129, 61] PP=[21, 30, 20, 20] source=RUNTIME_POINTER_CHAIN
2026-09-23T11:38:11.756+01:00 PARTY LIVE ORDER: battle pointer table -> species [120, 265, 283, 261, 263, 252] order [0, 2, 3, 4, 5, 1]
2026-09-23T11:38:11.811+01:00 #90 HORDE x5 [AUTO SWEET SCENT]: Ralts, Ralts, Ralts, Ralts, Ralts
2026-09-23T11:38:11.813+01:00   slot0 Ralts PID 0x10CF467A XOR 38252 shiny=False
2026-09-23T11:38:11.814+01:00   slot1 Ralts PID 0x0A975C99 XOR 38359 shiny=False
2026-09-23T11:38:11.815+01:00   slot2 Ralts PID 0x25D5FBBF XOR 7603 shiny=False
2026-09-23T11:38:11.816+01:00   slot3 Ralts PID 0x969AB1BA XOR 58617 shiny=False
2026-09-23T11:38:11.816+01:00   slot4 Ralts PID 0x3E03C9CE XOR 13332 shiny=False
2026-09-23T11:38:12.885+01:00 LAST SEEN FEED: emitted 5 Horde/wild payload(s) to Recent encounters (shiny=0)
2026-09-23T11:38:13.004+01:00 HORDE AUTHORITY COMMITTED: +5 Pokémon seen before escape
2026-09-23T11:38:25.889+01:00 RUN RECOVERY EXTENSION: battle still active after 24 causal Run taps; allowing up to 24 additional bounded Run taps (48 total)
2026-09-23T11:38:38.340+01:00 SAFETY_HOLD: IntegrationHold: causal Run failed: battle stayed active through 48 bounded Run taps
